{
	"format_version": "1.12.0",
	"minecraft:geometry": [
		{
			"description": {
				"identifier": "geometry.unknown",
				"texture_width": 128,
				"texture_height": 128,
				"visible_bounds_width": 4,
				"visible_bounds_height": 4.5,
				"visible_bounds_offset": [0, 1.75, 0]
			},
			"bones": [
				{
					"name": "Root",
					"pivot": [0, 0, 0]
				},
				{
					"name": "AllBody",
					"parent": "Root",
					"pivot": [0, 20, 0]
				},
				{
					"name": "UpBody",
					"parent": "AllBody",
					"pivot": [0, 24, 0],
					"cubes": [
						{
							"origin": [-5.25, 30.575, -2.65],
							"size": [10.5, 1, 4.95],
							"inflate": 0.01,
							"uv": {
								"north": {"uv": [91, 21], "uv_size": [10.5, 1]},
								"east": {"uv": [18, 53], "uv_size": [5, 1]},
								"south": {"uv": [91, 23], "uv_size": [10.5, 1]},
								"west": {"uv": [98, 97], "uv_size": [5, 1]},
								"up": {"uv": [0, 47], "uv_size": [10.5, 5]},
								"down": {"uv": [12, 52], "uv_size": [10.5, -5]}
							}
						},
						{
							"origin": [-2.7, 29.15, -2.125],
							"size": [5.4, 2, 4.2],
							"uv": {
								"north": {"uv": [90, 90], "uv_size": [5.5, 2]},
								"east": {"uv": [65, 51], "uv_size": [4, 2]},
								"south": {"uv": [91, 18], "uv_size": [5.5, 2]},
								"west": {"uv": [93, 8], "uv_size": [4, 2]},
								"up": {"uv": [50, 9], "uv_size": [5.5, 4]},
								"down": {"uv": [84, 63], "uv_size": [5.5, -4]}
							}
						},
						{
							"origin": [-5.75, 17.75, -3.075],
							"size": [11.5, 13, 6.4],
							"uv": {
								"north": {"uv": [0, 0], "uv_size": [11.5, 13]},
								"east": {"uv": [0, 14], "uv_size": [6.5, 13]},
								"south": {"uv": [13, 0], "uv_size": [11.5, 13]},
								"west": {"uv": [8, 14], "uv_size": [6.5, 13]},
								"up": {"uv": [11, 28], "uv_size": [11.5, 6.5]},
								"down": {"uv": [24, 34.5], "uv_size": [11.5, -6.5]}
							}
						},
						{
							"origin": [-6.25, 34.5, 13.425],
							"size": [12.5, 2.25, 6.15],
							"pivot": [0, 11.5, 15.75],
							"rotation": [32.5, 0, 0],
							"uv": {
								"north": {"uv": [76, 51], "uv_size": [12.5, 2.5]},
								"east": {"uv": [88, 64], "uv_size": [6, 2.5]},
								"south": {"uv": [76, 55], "uv_size": [12.5, 2.5]},
								"west": {"uv": [88, 68], "uv_size": [6, 2.5]},
								"up": {"uv": [16, 14], "uv_size": [12.5, 6]},
								"down": {"uv": [16, 27], "uv_size": [12.5, -6]}
							}
						},
						{
							"origin": [-5.25, 31.5, 10.175],
							"size": [10.5, 2.25, 5.65],
							"pivot": [0, 8.25, 12.5],
							"rotation": [22.5, 0, 0],
							"uv": {
								"north": {"uv": [78, 14], "uv_size": [10.5, 2.5]},
								"east": {"uv": [88, 81], "uv_size": [5.5, 2.5]},
								"south": {"uv": [8, 80], "uv_size": [10.5, 2.5]},
								"west": {"uv": [89, 0], "uv_size": [5.5, 2.5]},
								"up": {"uv": [37, 27], "uv_size": [10.5, 5.5]},
								"down": {"uv": [38, 12.5], "uv_size": [10.5, -5.5]}
							}
						}
					]
				},
				{
					"name": "AllHead",
					"parent": "UpBody",
					"pivot": [0, 31.2, 0],
					"cubes": [
						{
							"origin": [-1.5, 30.925, -1.525],
							"size": [3, 2, 3],
							"uv": {
								"north": {"uv": [97, 11], "uv_size": [3, 2]},
								"east": {"uv": [97, 14], "uv_size": [3, 2]},
								"south": {"uv": [44, 97], "uv_size": [3, 2]},
								"west": {"uv": [48, 97], "uv_size": [3, 2]},
								"up": {"uv": [68, 91], "uv_size": [3, 3]},
								"down": {"uv": [0, 95], "uv_size": [3, -3]}
							}
						}
					]
				},
				{
					"name": "Head",
					"parent": "AllHead",
					"pivot": [0, 32, 0],
					"cubes": [
						{
							"origin": [-5, 34.3, -4.75],
							"size": [9.75, 5.75, 7.5],
							"uv": {
								"north": {"uv": [30, 20], "uv_size": [10, 6]},
								"east": {"uv": [26, 55], "uv_size": [7.5, 6]},
								"south": {"uv": [37, 0], "uv_size": [10, 6]},
								"west": {"uv": [35, 56], "uv_size": [7.5, 6]},
								"up": {"uv": [26, 0], "uv_size": [10, 7.5]},
								"down": {"uv": [0, 35.5], "uv_size": [10, -7.5]}
							}
						},
						{
							"origin": [-1, 34.55, -5],
							"size": [1.75, 1.5, 3.75],
							"uv": {
								"north": {"uv": [89, 99], "uv_size": [2, 1.5]},
								"east": {"uv": [98, 40], "uv_size": [4, 1.5]},
								"south": {"uv": [99, 92], "uv_size": [2, 1.5]},
								"west": {"uv": [98, 43], "uv_size": [4, 1.5]},
								"up": {"uv": [32, 92], "uv_size": [2, 4]},
								"down": {"uv": [64, 98], "uv_size": [2, -4]}
							}
						},
						{
							"origin": [-4.25, 32.55, -4.5],
							"size": [8.25, 4.5, 7.25],
							"uv": {
								"north": {"uv": [49, 69], "uv_size": [8.5, 4.5]},
								"east": {"uv": [72, 45], "uv_size": [7.5, 4.5]},
								"south": {"uv": [59, 69], "uv_size": [8.5, 4.5]},
								"west": {"uv": [74, 25], "uv_size": [7.5, 4.5]},
								"up": {"uv": [35, 36], "uv_size": [8.5, 7.5]},
								"down": {"uv": [0, 44.5], "uv_size": [8.5, -7.5]}
							}
						},
						{
							"origin": [-0.75, 34.8, -4.75],
							"size": [2.5, 5.25, 6.25],
							"pivot": [4.5, 0, -1],
							"rotation": [0, 50, 0],
							"uv": {
								"north": {"uv": [89, 31], "uv_size": [2.5, 5.5]},
								"east": {"uv": [70, 62], "uv_size": [6.5, 5.5]},
								"south": {"uv": [73, 89], "uv_size": [2.5, 5.5]},
								"west": {"uv": [72, 31], "uv_size": [6.5, 5.5]},
								"up": {"uv": [36, 88], "uv_size": [2.5, 6.5]},
								"down": {"uv": [40, 94.5], "uv_size": [2.5, -6.5]}
							}
						},
						{
							"origin": [-3.75, 34.8, -1.25],
							"size": [2.75, 5.25, 6.25],
							"pivot": [-2, 0, 2.5],
							"rotation": [0, -57.5, 0],
							"uv": {
								"north": {"uv": [22, 63], "uv_size": [3, 5.5]},
								"east": {"uv": [72, 38], "uv_size": [6.5, 5.5]},
								"south": {"uv": [64, 87], "uv_size": [3, 5.5]},
								"west": {"uv": [74, 18], "uv_size": [6.5, 5.5]},
								"up": {"uv": [85, 0], "uv_size": [3, 6.5]},
								"down": {"uv": [82, 91.5], "uv_size": [3, -6.5]}
							}
						},
						{
							"origin": [25.75, 46.05, -4.75],
							"size": [3, 2, 7.5],
							"pivot": [25, 10, 0.25],
							"rotation": [0, 0, -40],
							"uv": {
								"north": {"uv": [97, 48], "uv_size": [3, 2]},
								"east": {"uv": [88, 48], "uv_size": [7.5, 2]},
								"south": {"uv": [97, 54], "uv_size": [3, 2]},
								"west": {"uv": [88, 72], "uv_size": [7.5, 2]},
								"up": {"uv": [84, 76], "uv_size": [3, 7.5]},
								"down": {"uv": [78, 91.5], "uv_size": [3, -7.5]}
							}
						},
						{
							"origin": [-26, 45.3, -4.75],
							"size": [2.25, 2, 7.5],
							"pivot": [-24, 9.25, 0.25],
							"rotation": [0, 0, 35],
							"uv": {
								"north": {"uv": [8, 99], "uv_size": [2.5, 2]},
								"east": {"uv": [88, 75], "uv_size": [7.5, 2]},
								"south": {"uv": [12, 99], "uv_size": [2.5, 2]},
								"west": {"uv": [88, 78], "uv_size": [7.5, 2]},
								"up": {"uv": [86, 85], "uv_size": [2.5, 7.5]},
								"down": {"uv": [87, 25.5], "uv_size": [2.5, -7.5]}
							}
						},
						{
							"origin": [-3.75, 36.05, -4.75],
							"size": [7, 5.5, 7.5],
							"uv": {
								"north": {"uv": [0, 69], "uv_size": [7, 5.5]},
								"east": {"uv": [44, 62], "uv_size": [7.5, 5.5]},
								"south": {"uv": [41, 69], "uv_size": [7, 5.5]},
								"west": {"uv": [53, 62], "uv_size": [7.5, 5.5]},
								"up": {"uv": [49, 22], "uv_size": [7, 7.5]},
								"down": {"uv": [49, 52.5], "uv_size": [7, -7.5]}
							}
						},
						{
							"origin": [-3.75, 51.05, 28.75],
							"size": [7, 2.5, 5.5],
							"pivot": [0, 13.75, 31.25],
							"rotation": [50, 0, 0],
							"uv": {
								"north": {"uv": [85, 8], "uv_size": [7, 2.5]},
								"east": {"uv": [89, 4], "uv_size": [5.5, 2.5]},
								"south": {"uv": [0, 88], "uv_size": [7, 2.5]},
								"west": {"uv": [89, 27], "uv_size": [5.5, 2.5]},
								"up": {"uv": [33, 63], "uv_size": [7, 5.5]},
								"down": {"uv": [64, 13.5], "uv_size": [7, -5.5]}
							}
						},
						{
							"origin": [-3.75, 34.05, -1.75],
							"size": [7, 6, 6.25],
							"uv": {
								"north": {"uv": [57, 40], "uv_size": [7, 6]},
								"east": {"uv": [62, 62], "uv_size": [6.5, 6]},
								"south": {"uv": [57, 47], "uv_size": [7, 6]},
								"west": {"uv": [14, 63], "uv_size": [6.5, 6]},
								"up": {"uv": [49, 54], "uv_size": [7, 6.5]},
								"down": {"uv": [18, 61.5], "uv_size": [7, -6.5]}
							}
						},
						{
							"origin": [-4.75, 33.05, -4.75],
							"size": [0.75, 7, 7.5],
							"uv": {
								"north": {"uv": [33, 47], "uv_size": [1, 7]},
								"east": {"uv": [24, 47], "uv_size": [7.5, 7]},
								"south": {"uv": [36, 80], "uv_size": [1, 7]},
								"west": {"uv": [48, 14], "uv_size": [7.5, 7]},
								"up": {"uv": [17, 93], "uv_size": [1, 7.5]},
								"down": {"uv": [87, 101.5], "uv_size": [1, -7.5]}
							}
						},
						{
							"origin": [4, 33.05, -4.75],
							"size": [0.5, 7, 5.5],
							"uv": {
								"north": {"uv": [85, 97], "uv_size": [0.5, 7]},
								"east": {"uv": [64, 15], "uv_size": [5.5, 7]},
								"south": {"uv": [79, 99], "uv_size": [0.5, 7]},
								"west": {"uv": [64, 54], "uv_size": [5.5, 7]},
								"up": {"uv": [48, 0], "uv_size": [0.5, 5.5]},
								"down": {"uv": [92, 104.5], "uv_size": [0.5, -5.5]}
							}
						},
						{
							"origin": [-4, 32.3, -4.75],
							"size": [7.75, 0.75, 6.5],
							"uv": {
								"north": {"uv": [91, 25], "uv_size": [8, 1]},
								"east": {"uv": [37, 34], "uv_size": [6.5, 1]},
								"south": {"uv": [93, 46], "uv_size": [8, 1]},
								"west": {"uv": [41, 25], "uv_size": [6.5, 1]},
								"up": {"uv": [0, 53], "uv_size": [8, 6.5]},
								"down": {"uv": [9, 59.5], "uv_size": [8, -6.5]}
							}
						},
						{
							"origin": [-27, 38.55, -4.75],
							"size": [1.25, 1, 5.5],
							"pivot": [-23.5, 5.5, 0],
							"rotation": [0, 0, 40],
							"uv": {
								"north": {"uv": [100, 2], "uv_size": [1.5, 1]},
								"east": {"uv": [81, 49], "uv_size": [5.5, 1]},
								"south": {"uv": [5, 100], "uv_size": [1.5, 1]},
								"west": {"uv": [97, 57], "uv_size": [5.5, 1]},
								"up": {"uv": [46, 76], "uv_size": [1.5, 5.5]},
								"down": {"uv": [23, 97.5], "uv_size": [1.5, -5.5]}
							}
						},
						{
							"origin": [26.75, 44.05, -4.75],
							"size": [1.25, 1, 5.5],
							"pivot": [29.5, 10.5, 0],
							"rotation": [0, 0, -45],
							"uv": {
								"north": {"uv": [19, 100], "uv_size": [1.5, 1]},
								"east": {"uv": [98, 85], "uv_size": [5.5, 1]},
								"south": {"uv": [100, 25], "uv_size": [1.5, 1]},
								"west": {"uv": [98, 87], "uv_size": [5.5, 1]},
								"up": {"uv": [26, 92], "uv_size": [1.5, 5.5]},
								"down": {"uv": [29, 97.5], "uv_size": [1.5, -5.5]}
							}
						},
						{
							"origin": [-1.5, 30.85, -1.5],
							"size": [3, 2, 3],
							"inflate": 0.01,
							"uv": {
								"north": {"uv": [97, 71], "uv_size": [3, 2]},
								"east": {"uv": [97, 74], "uv_size": [3, 2]},
								"south": {"uv": [97, 77], "uv_size": [3, 2]},
								"west": {"uv": [81, 97], "uv_size": [3, 2]},
								"up": {"uv": [4, 92], "uv_size": [3, 3]},
								"down": {"uv": [19, 95], "uv_size": [3, -3]}
							}
						},
						{
							"origin": [-1.5, 32.03223, -0.73223],
							"size": [3, 2.12132, 2.62132],
							"pivot": [0, 33.15355, 0.76777],
							"rotation": [45, 0, 0],
							"uv": {
								"north": {"uv": [97, 89], "uv_size": [3, 2]},
								"east": {"uv": [23, 99], "uv_size": [2.5, 2]},
								"south": {"uv": [94, 97], "uv_size": [3, 2]},
								"west": {"uv": [27, 99], "uv_size": [2.5, 2]},
								"up": {"uv": [94, 85], "uv_size": [3, 2.5]},
								"down": {"uv": [8, 97.5], "uv_size": [3, -2.5]}
							}
						},
						{
							"origin": [-1.5, 29.73934, -0.56066],
							"size": [3, 2.12132, 2.12132],
							"pivot": [0, 30.8, 0.5],
							"rotation": [45, 0, 0],
							"uv": {
								"north": {"uv": [98, 7], "uv_size": [3, 2]},
								"east": {"uv": [49, 31], "uv_size": [2, 2]},
								"south": {"uv": [98, 17], "uv_size": [3, 2]},
								"west": {"uv": [60, 99], "uv_size": [2, 2]},
								"up": {"uv": [98, 30], "uv_size": [3, 2]},
								"down": {"uv": [98, 35], "uv_size": [3, -2]}
							}
						}
					]
				},
				{
					"name": "Face",
					"parent": "Head",
					"pivot": [0, 32, 0]
				},
				{
					"name": "Eyes",
					"parent": "Face",
					"pivot": [0, 37.075, -1.5]
				},
				{
					"name": "Eyebrow",
					"parent": "Eyes",
					"pivot": [2.875, 37.875, -4.625]
				},
				{
					"name": "LeftEyebrow",
					"parent": "Eyebrow",
					"pivot": [2.875, 37.875, -4.625]
				},
				{
					"name": "RightEyebrow",
					"parent": "Eyebrow",
					"pivot": [-2.875, 37.875, -4.625]
				},
				{
					"name": "Eyelid",
					"parent": "Eyes",
					"pivot": [0, 37.775, -1.3]
				},
				{
					"name": "LeftEyelid",
					"parent": "Eyelid",
					"pivot": [2.5, 36.075, -4.525],
					"cubes": [
						{
							"origin": [0.9, 35.575, -5.025],
							"size": [3, 2.5, 1],
							"uv": {
								"north": {"uv": [54, 95], "uv_size": [3, 2.5]},
								"east": {"uv": [44, 88], "uv_size": [1, 2.5]},
								"south": {"uv": [58, 95], "uv_size": [3, 2.5]},
								"west": {"uv": [62, 95], "uv_size": [1, 2.5]},
								"up": {"uv": [14, 61], "uv_size": [3, 1]},
								"down": {"uv": [84, 65], "uv_size": [3, -1]}
							}
						}
					]
				},
				{
					"name": "LeftEyesBase",
					"parent": "LeftEyelid",
					"pivot": [2.325, 36.075, -4.525]
				},
				{
					"name": "LeftPupil",
					"parent": "LeftEyesBase",
					"pivot": [2.225, 37.075, -4.575]
				},
				{
					"name": "RightEyelid",
					"parent": "Eyelid",
					"pivot": [-2.75, 36.075, -4.525],
					"cubes": [
						{
							"origin": [-4.15, 35.575, -5.025],
							"size": [3, 2.5, 1],
							"uv": {
								"north": {"uv": [95, 63], "uv_size": [3, 2.5]},
								"east": {"uv": [98, 99], "uv_size": [1, 2.5]},
								"south": {"uv": [67, 95], "uv_size": [3, 2.5]},
								"west": {"uv": [0, 100], "uv_size": [1, 2.5]},
								"up": {"uv": [99, 80], "uv_size": [3, 1]},
								"down": {"uv": [99, 83], "uv_size": [3, -1]}
							}
						}
					]
				},
				{
					"name": "RightEyesBase",
					"parent": "RightEyelid",
					"pivot": [-1.575, 36.075, -4.525]
				},
				{
					"name": "RightPupil",
					"parent": "RightEyesBase",
					"pivot": [-1.475, 37.075, -4.575]
				},
				{
					"name": "LeftShoulderLocator",
					"parent": "Head",
					"pivot": [3, 41.5, 0]
				},
				{
					"name": "RightShoulderLocator",
					"parent": "Head",
					"pivot": [-3, 41.5, 0]
				},
				{
					"name": "Arm",
					"parent": "UpBody",
					"pivot": [0, 31.2, 0]
				},
				{
					"name": "LeftArm",
					"parent": "Arm",
					"pivot": [5, 29.9, 0],
					"rotation": [0, 0, -15],
					"cubes": [
						{
							"origin": [2.45, 24.15, 1.4],
							"size": [5.75, 7, 5.55],
							"pivot": [0, 0, 4],
							"rotation": [7.5, 0, 0],
							"uv": {
								"north": {"uv": [65, 0], "uv_size": [5.5, 7]},
								"east": {"uv": [65, 35], "uv_size": [5.5, 7]},
								"south": {"uv": [65, 43], "uv_size": [5.5, 7]},
								"west": {"uv": [67, 23], "uv_size": [5.5, 7]},
								"up": {"uv": [78, 0], "uv_size": [5.5, 5.5]},
								"down": {"uv": [78, 12.5], "uv_size": [5.5, -5.5]}
							}
						}
					]
				},
				{
					"name": "LeftForeArm",
					"parent": "LeftArm",
					"pivot": [5.225, 24.25, 0.025],
					"cubes": [
						{
							"origin": [-12.275, 30.225, -9.575],
							"size": [6.45, 8, 4.05],
							"pivot": [-14.75, 13, -7],
							"rotation": [-22.5, 0, 45],
							"uv": {
								"north": {"uv": [50, 0], "uv_size": [6.5, 8]},
								"east": {"uv": [55, 75], "uv_size": [4, 8]},
								"south": {"uv": [52, 31], "uv_size": [6.5, 8]},
								"west": {"uv": [60, 75], "uv_size": [4, 8]},
								"up": {"uv": [80, 66], "uv_size": [6.5, 4]},
								"down": {"uv": [80, 75], "uv_size": [6.5, -4]}
							}
						},
						{
							"origin": [-10.525, 27.975, -8.825],
							"size": [2.95, 6.25, 2.55],
							"pivot": [-14.75, 13, -7],
							"rotation": [-22.5, 0, 45],
							"uv": {
								"north": {"uv": [42, 76], "uv_size": [3, 10.5]},
								"east": {"uv": [80, 31], "uv_size": [2.5, 10.5]},
								"south": {"uv": [74, 77], "uv_size": [3, 10.5]},
								"west": {"uv": [32, 80], "uv_size": [2.5, 10.5]},
								"up": {"uv": [96, 0], "uv_size": [3, 2.5]},
								"down": {"uv": [4, 98.5], "uv_size": [3, -2.5]}
							}
						}
					]
				},
				{
					"name": "LeftHand",
					"parent": "LeftForeArm",
					"pivot": [5.325, 18.725, 0.025]
				},
				{
					"name": "LeftHandLocator",
					"parent": "LeftHand",
					"pivot": [5.325, 18.725, 0.025]
				},
				{
					"name": "SheathLocator",
					"parent": "LeftHand",
					"pivot": [5.325, 18.725, 0.025]
				},
				{
					"name": "LeftWaistLocator",
					"parent": "LeftHand",
					"pivot": [5.325, 18.725, 0.025]
				},
				{
					"name": "RightArm",
					"parent": "Arm",
					"pivot": [-5, 29.775, 0],
					"rotation": [0, 0, 15],
					"cubes": [
						{
							"origin": [-8.2, 24.025, 1.15],
							"size": [5.25, 7, 5.8],
							"pivot": [0, 0, 4],
							"rotation": [7.5, 0, 0],
							"uv": {
								"north": {"uv": [74, 69], "uv_size": [5, 7]},
								"east": {"uv": [7, 61], "uv_size": [6, 7]},
								"south": {"uv": [49, 75], "uv_size": [5, 7]},
								"west": {"uv": [26, 62], "uv_size": [6, 7]},
								"up": {"uv": [78, 59], "uv_size": [5, 6]},
								"down": {"uv": [78, 83], "uv_size": [5, -6]}
							}
						}
					]
				},
				{
					"name": "RightForeArm",
					"parent": "RightArm",
					"pivot": [-5.225, 24.225, 0.025],
					"cubes": [
						{
							"origin": [5.825, 30.2, -9.075],
							"size": [5.7, 7.75, 4.55],
							"pivot": [14.5, 13, -6.25],
							"rotation": [-20, 0, -45],
							"uv": {
								"north": {"uv": [57, 9], "uv_size": [5.5, 8]},
								"east": {"uv": [72, 0], "uv_size": [4.5, 8]},
								"south": {"uv": [57, 18], "uv_size": [5.5, 8]},
								"west": {"uv": [72, 9], "uv_size": [4.5, 8]},
								"up": {"uv": [81, 43], "uv_size": [5.5, 4.5]},
								"down": {"uv": [12, 88.5], "uv_size": [5.5, -4.5]}
							}
						},
						{
							"origin": [7.325, 27.95, -8.075],
							"size": [2.7, 6, 2.55],
							"pivot": [14.5, 13, -6.25],
							"rotation": [-20, 0, -45],
							"uv": {
								"north": {"uv": [83, 18], "uv_size": [2.5, 10]},
								"east": {"uv": [46, 83], "uv_size": [2.5, 10]},
								"south": {"uv": [50, 83], "uv_size": [2.5, 10]},
								"west": {"uv": [8, 84], "uv_size": [2.5, 10]},
								"up": {"uv": [19, 96], "uv_size": [2.5, 2.5]},
								"down": {"uv": [40, 98.5], "uv_size": [2.5, -2.5]}
							}
						}
					]
				},
				{
					"name": "RightHand",
					"parent": "RightForeArm",
					"pivot": [0.675, 19.575, -1.475],
					"rotation": [-21.9151, -1.04778, -43.26689]
				},
				{
					"name": "RightHandLocator",
					"parent": "RightHand",
					"pivot": [0.675, 19.575, -1.475],
					"cubes": [
						{
							"origin": [0.175, 19.575, -2.475],
							"size": [0.5, 2, 1],
							"uv": {
								"north": {"uv": [0, 0], "uv_size": [0.5, 2]},
								"east": {"uv": [0, 0], "uv_size": [1, 2]},
								"south": {"uv": [0, 0], "uv_size": [0.5, 2]},
								"west": {"uv": [0, 0], "uv_size": [1, 2]},
								"up": {"uv": [0.5, 1], "uv_size": [-0.5, -1]},
								"down": {"uv": [0.5, 1], "uv_size": [-0.5, -1]}
							}
						}
					]
				},
				{
					"name": "BladeLocator",
					"parent": "RightHand",
					"pivot": [0.675, 19.575, -1.475],
					"cubes": [
						{
							"origin": [0.175, 19.575, -2.475],
							"size": [0.5, 2, 1],
							"uv": {
								"north": {"uv": [0, 0], "uv_size": [0.5, 2]},
								"east": {"uv": [0, 0], "uv_size": [1, 2]},
								"south": {"uv": [0, 0], "uv_size": [0.5, 2]},
								"west": {"uv": [0, 0], "uv_size": [1, 2]},
								"up": {"uv": [0.5, 1], "uv_size": [-0.5, -1]},
								"down": {"uv": [0.5, 1], "uv_size": [-0.5, -1]}
							}
						}
					]
				},
				{
					"name": "RifleLocator",
					"parent": "UpBody",
					"pivot": [0, 25.15, 2.3],
					"rotation": [0, 0, 45]
				},
				{
					"name": "PistolLocator",
					"parent": "UpBody",
					"pivot": [-4, 24.75, -1.6],
					"rotation": [-30, 0, 0]
				},
				{
					"name": "ElytraLocator",
					"parent": "UpBody",
					"pivot": [0, 31.65, 2]
				},
				{
					"name": "RightWaistLocator",
					"parent": "UpBody",
					"pivot": [-4, 21, 0],
					"rotation": [-5, 0, 0]
				},
				{
					"name": "BackpackLocator",
					"parent": "UpBody",
					"pivot": [0, 29, 0]
				},
				{
					"name": "DownBody",
					"parent": "AllBody",
					"pivot": [0, 24, 0]
				},
				{
					"name": "LeftLeg",
					"parent": "DownBody",
					"pivot": [3.15, 18.95, -1],
					"rotation": [0, 0, -2.5],
					"cubes": [
						{
							"origin": [1.17862, 11.69905, -2],
							"size": [3.99, 9, 4],
							"uv": {
								"north": {"uv": [8, 69], "uv_size": [4, 9]},
								"east": {"uv": [69, 69], "uv_size": [4, 9]},
								"south": {"uv": [13, 70], "uv_size": [4, 9]},
								"west": {"uv": [18, 70], "uv_size": [4, 9]},
								"up": {"uv": [52, 40], "uv_size": [4, 4]},
								"down": {"uv": [44, 60], "uv_size": [4, -4]}
							}
						},
						{
							"origin": [-0.07138, 11.44905, -3.25],
							"size": [5.99, 9.25, 6.75],
							"uv": {
								"north": {"uv": [41, 14], "uv_size": [6, 9.5]},
								"east": {"uv": [30, 9], "uv_size": [7, 9.5]},
								"south": {"uv": [45, 34], "uv_size": [6, 9.5]},
								"west": {"uv": [11, 36], "uv_size": [7, 9.5]},
								"up": {"uv": [57, 54], "uv_size": [6, 7]},
								"down": {"uv": [58, 7], "uv_size": [6, -7]}
							}
						},
						{
							"origin": [1.29362, 10.74905, -1.325],
							"size": [3.675, 2, 2],
							"pivot": [0.39362, 11.74905, -0.325],
							"rotation": [30, 0, 0],
							"uv": {
								"north": {"uv": [96, 4], "uv_size": [3.5, 2]},
								"east": {"uv": [99, 62], "uv_size": [2, 2]},
								"south": {"uv": [12, 96], "uv_size": [3.5, 2]},
								"west": {"uv": [63, 99], "uv_size": [2, 2]},
								"up": {"uv": [96, 27], "uv_size": [3.5, 2]},
								"down": {"uv": [35, 98], "uv_size": [3.5, -2]}
							}
						}
					]
				},
				{
					"name": "LeftLowerLeg",
					"parent": "LeftLeg",
					"pivot": [2.99362, 11.84905, -0.3],
					"cubes": [
						{
							"origin": [1.94362, 1.29905, -1.475],
							"size": [2.45, 10.45, 3],
							"uv": {
								"north": {"uv": [69, 79], "uv_size": [2.5, 10.5]},
								"east": {"uv": [65, 75], "uv_size": [3, 10.5]},
								"south": {"uv": [20, 80], "uv_size": [2.5, 10.5]},
								"west": {"uv": [0, 76], "uv_size": [3, 10.5]},
								"up": {"uv": [95, 67], "uv_size": [2.5, 3]},
								"down": {"uv": [95, 84], "uv_size": [2.5, -3]}
							}
						},
						{
							"origin": [2.09362, 2.54905, -1.5],
							"size": [2.15, 4, 2.95],
							"uv": {
								"north": {"uv": [38, 14], "uv_size": [2, 4]},
								"east": {"uv": [26, 9], "uv_size": [3, 4]},
								"south": {"uv": [41, 63], "uv_size": [2, 4]},
								"west": {"uv": [89, 38], "uv_size": [3, 4]},
								"up": {"uv": [57, 27], "uv_size": [2, 3]},
								"down": {"uv": [64, 26], "uv_size": [2, -3]}
							}
						}
					]
				},
				{
					"name": "LeftFoot",
					"parent": "LeftLowerLeg",
					"pivot": [3.1875, 2.5, 0.1375],
					"cubes": [
						{
							"origin": [1.04362, -0.12595, -4],
							"size": [4.225, 1.75, 6.175],
							"uv": {
								"north": {"uv": [12, 93], "uv_size": [4, 2]},
								"east": {"uv": [12, 90], "uv_size": [6, 2]},
								"south": {"uv": [93, 31], "uv_size": [4, 2]},
								"west": {"uv": [90, 12], "uv_size": [6, 2]},
								"up": {"uv": [84, 29], "uv_size": [4, 6]},
								"down": {"uv": [84, 42], "uv_size": [4, -6]}
							}
						},
						{
							"origin": [1.21862, 1.02405, -3.25],
							"size": [3.875, 1.1, 2.075],
							"pivot": [3.48112, 1.62405, -2.6625],
							"rotation": [35, 0, 0],
							"uv": {
								"north": {"uv": [85, 12], "uv_size": [4, 1]},
								"east": {"uv": [94, 54], "uv_size": [2, 1]},
								"south": {"uv": [99, 65], "uv_size": [4, 1]},
								"west": {"uv": [99, 95], "uv_size": [2, 1]},
								"up": {"uv": [93, 34], "uv_size": [4, 2]},
								"down": {"uv": [93, 39], "uv_size": [4, -2]}
							}
						},
						{
							"origin": [1.24362, 1.12405, -1.45],
							"size": [3.825, 1.75, 2.425],
							"uv": {
								"north": {"uv": [93, 40], "uv_size": [4, 2]},
								"east": {"uv": [35, 99], "uv_size": [2.5, 2]},
								"south": {"uv": [93, 43], "uv_size": [4, 2]},
								"west": {"uv": [99, 51], "uv_size": [2.5, 2]},
								"up": {"uv": [67, 31], "uv_size": [4, 2.5]},
								"down": {"uv": [54, 93.5], "uv_size": [4, -2.5]}
							}
						}
					]
				},
				{
					"name": "RightLeg",
					"parent": "DownBody",
					"pivot": [-3.15, 18.95, -1],
					"rotation": [0, 0, 2.5],
					"cubes": [
						{
							"origin": [-5.16862, 11.69905, -2],
							"size": [3.99, 9, 4],
							"uv": {
								"north": {"uv": [23, 70], "uv_size": [4, 9]},
								"east": {"uv": [28, 70], "uv_size": [4, 9]},
								"south": {"uv": [33, 70], "uv_size": [4, 9]},
								"west": {"uv": [71, 51], "uv_size": [4, 9]},
								"up": {"uv": [60, 35], "uv_size": [4, 4]},
								"down": {"uv": [88, 47], "uv_size": [4, -4]}
							}
						},
						{
							"origin": [-5.91862, 11.44905, -3.25],
							"size": [5.99, 9.25, 6.75],
							"uv": {
								"north": {"uv": [35, 45], "uv_size": [6, 9.5]},
								"east": {"uv": [19, 36], "uv_size": [7, 9.5]},
								"south": {"uv": [42, 45], "uv_size": [6, 9.5]},
								"west": {"uv": [27, 36], "uv_size": [7, 9.5]},
								"up": {"uv": [60, 27], "uv_size": [6, 7]},
								"down": {"uv": [0, 68], "uv_size": [6, -7]}
							}
						},
						{
							"origin": [-4.96862, 10.74905, -1.325],
							"size": [3.675, 2, 2],
							"pivot": [-0.39362, 11.74905, -0.325],
							"rotation": [30, 0, 0],
							"uv": {
								"north": {"uv": [96, 59], "uv_size": [3.5, 2]},
								"east": {"uv": [66, 99], "uv_size": [2, 2]},
								"south": {"uv": [71, 96], "uv_size": [3.5, 2]},
								"west": {"uv": [99, 67], "uv_size": [2, 2]},
								"up": {"uv": [76, 96], "uv_size": [3.5, 2]},
								"down": {"uv": [89, 98], "uv_size": [3.5, -2]}
							}
						}
					]
				},
				{
					"name": "RightLowerLeg",
					"parent": "RightLeg",
					"pivot": [-2.99362, 11.84905, -0.3],
					"cubes": [
						{
							"origin": [-4.39362, 1.29905, -1.475],
							"size": [2.45, 10.45, 3],
							"uv": {
								"north": {"uv": [24, 80], "uv_size": [2.5, 10.5]},
								"east": {"uv": [4, 76], "uv_size": [3, 10.5]},
								"south": {"uv": [28, 80], "uv_size": [2.5, 10.5]},
								"west": {"uv": [38, 76], "uv_size": [3, 10.5]},
								"up": {"uv": [95, 93], "uv_size": [2.5, 3]},
								"down": {"uv": [0, 99], "uv_size": [2.5, -3]}
							}
						},
						{
							"origin": [-4.24362, 2.54905, -1.5],
							"size": [2.15, 4, 2.95],
							"uv": {
								"north": {"uv": [38, 70], "uv_size": [2, 4]},
								"east": {"uv": [90, 51], "uv_size": [3, 4]},
								"south": {"uv": [71, 18], "uv_size": [2, 4]},
								"west": {"uv": [90, 85], "uv_size": [3, 4]},
								"up": {"uv": [32, 97], "uv_size": [2, 3]},
								"down": {"uv": [98, 39], "uv_size": [2, -3]}
							}
						}
					]
				},
				{
					"name": "RightFoot",
					"parent": "RightLowerLeg",
					"pivot": [-3.1875, 2.5, 0.1375],
					"cubes": [
						{
							"origin": [-5.26862, -0.12595, -4],
							"size": [4.225, 1.75, 6.175],
							"uv": {
								"north": {"uv": [77, 93], "uv_size": [4, 2]},
								"east": {"uv": [90, 15], "uv_size": [6, 2]},
								"south": {"uv": [90, 93], "uv_size": [4, 2]},
								"west": {"uv": [90, 56], "uv_size": [6, 2]},
								"up": {"uv": [54, 84], "uv_size": [4, 6]},
								"down": {"uv": [59, 90], "uv_size": [4, -6]}
							}
						},
						{
							"origin": [-5.09362, 1.02405, -3.25],
							"size": [3.875, 1.1, 2.075],
							"pivot": [-3.48112, 1.62405, -2.6625],
							"rotation": [35, 0, 0],
							"uv": {
								"north": {"uv": [69, 99], "uv_size": [4, 1]},
								"east": {"uv": [100, 0], "uv_size": [2, 1]},
								"south": {"uv": [74, 99], "uv_size": [4, 1]},
								"west": {"uv": [2, 100], "uv_size": [2, 1]},
								"up": {"uv": [44, 94], "uv_size": [4, 2]},
								"down": {"uv": [49, 96], "uv_size": [4, -2]}
							}
						},
						{
							"origin": [-5.06862, 1.12405, -1.45],
							"size": [3.825, 1.75, 2.425],
							"uv": {
								"north": {"uv": [94, 51], "uv_size": [4, 2]},
								"east": {"uv": [52, 99], "uv_size": [2.5, 2]},
								"south": {"uv": [82, 94], "uv_size": [4, 2]},
								"west": {"uv": [56, 99], "uv_size": [2.5, 2]},
								"up": {"uv": [59, 91], "uv_size": [4, 2.5]},
								"down": {"uv": [91, 61.5], "uv_size": [4, -2.5]}
							}
						}
					]
				}
			]
		}
	]
}