{
	"format_version": "1.8.0",
	"animations": {
		"hold_mainhand:empty": {
			"loop": true,
			"animation_length": 2
		},
		"hold_offhand:empty": {
			"loop": true,
			"animation_length": 2
		},
		"use_mainhand:eat": {
			"loop": true,
			"animation_length": 1.625,
			"bones": {
				"head": {
					"rotation": {
						"0.0": {
							"post": [-7.5, 0, 0],
							"lerp_mode": "catmullrom"
						},
						"0.125": {
							"post": [5, 0, 0],
							"lerp_mode": "catmullrom"
						},
						"0.375": {
							"post": [3.75, 0, 0],
							"lerp_mode": "catmullrom"
						},
						"0.5833": {
							"post": [5, 0, 0],
							"lerp_mode": "catmullrom"
						},
						"0.7917": {
							"post": [3.75, 0, 0],
							"lerp_mode": "catmullrom"
						},
						"1.0": {
							"post": [5, 0, 0],
							"lerp_mode": "catmullrom"
						},
						"1.25": {
							"post": [3.75, 0, 0],
							"lerp_mode": "catmullrom"
						},
						"1.4167": {
							"post": [5, 0, 0],
							"lerp_mode": "catmullrom"
						},
						"1.625": {
							"post": [-7.5, 0, 0],
							"lerp_mode": "catmullrom"
						}
					}
				},
				"RightHandLocator": {
					"position": [-2, -13, -5]
				}
			}
		},
		"use_offhand:eat": {
			"loop": true,
			"animation_length": 1.625,
			"bones": {
				"head": {
					"rotation": {
						"0.0": {
							"post": [-7.5, 0, 0],
							"lerp_mode": "catmullrom"
						},
						"0.1667": {
							"post": [5, 0, 0],
							"lerp_mode": "catmullrom"
						},
						"0.375": {
							"post": [3.75, 0, 0],
							"lerp_mode": "catmullrom"
						},
						"0.5833": {
							"post": [5, 0, 0],
							"lerp_mode": "catmullrom"
						},
						"0.7917": {
							"post": [3.75, 0, 0],
							"lerp_mode": "catmullrom"
						},
						"1.0": {
							"post": [5, 0, 0],
							"lerp_mode": "catmullrom"
						},
						"1.2083": {
							"post": [3.75, 0, 0],
							"lerp_mode": "catmullrom"
						},
						"1.4583": {
							"post": [5, 0, 0],
							"lerp_mode": "catmullrom"
						},
						"1.5833": {
							"post": [-7.5, 0, 0],
							"lerp_mode": "catmullrom"
						}
					}
				},
				"LeftHandLocator": {
					"position": [2, -13, -5]
				}
			}
		},
		"use_mainhand:drink": {
			"loop": true,
			"animation_length": 1.5833,
			"bones": {
				"head": {
					"rotation": {
						"0.0": {
							"post": [0, 0, 0],
							"lerp_mode": "catmullrom"
						},
						"0.125": {
							"post": [-12.5, 0, 0],
							"lerp_mode": "catmullrom"
						},
						"0.2917": {
							"post": [-16, 0, 0],
							"lerp_mode": "catmullrom"
						},
						"0.4583": {
							"post": [-14.25, 0, 0],
							"lerp_mode": "catmullrom"
						},
						"0.625": {
							"post": [-13, 0, 0],
							"lerp_mode": "catmullrom"
						},
						"0.7917": {
							"post": [-13.75, 0, 0],
							"lerp_mode": "catmullrom"
						},
						"1.0833": {
							"post": [-17.5, 0, 0],
							"lerp_mode": "catmullrom"
						},
						"1.25": {
							"post": [-17.75, 0, 0],
							"lerp_mode": "catmullrom"
						},
						"1.4167": {
							"post": [0, 0, 0],
							"lerp_mode": "catmullrom"
						},
						"1.5833": {
							"post": [0, 0, 0],
							"lerp_mode": "catmullrom"
						}
					}
				},
				"RightHandLocator": {
					"rotation": [-90, 0, 0],
					"position": [-2, -10, -10]
				}
			}
		},
		"use_offhand:drink": {
			"loop": true,
			"animation_length": 1.5833,
			"bones": {
				"UpBody": {
					"rotation": {
						"0.0": {
							"post": [0, 0, 0],
							"lerp_mode": "catmullrom"
						},
						"0.1667": {
							"post": [-5, 0, 0],
							"lerp_mode": "catmullrom"
						},
						"0.2917": {
							"post": [-4.25, 0, 0],
							"lerp_mode": "catmullrom"
						},
						"0.4583": {
							"post": [-7.5, 0, 0],
							"lerp_mode": "catmullrom"
						},
						"0.625": {
							"post": [-6.75, 0, 0],
							"lerp_mode": "catmullrom"
						},
						"0.7917": {
							"post": [-10, 0, 0],
							"lerp_mode": "catmullrom"
						},
						"1.0833": {
							"post": [-11.75, 0, 0],
							"lerp_mode": "catmullrom"
						},
						"1.25": {
							"post": [-10, 0, 0],
							"lerp_mode": "catmullrom"
						},
						"1.4167": {
							"post": [0, 0, 0],
							"lerp_mode": "catmullrom"
						},
						"1.5833": {
							"post": [0, 0, 0],
							"lerp_mode": "catmullrom"
						}
					}
				},
				"LeftArm": {
					"rotation": {
						"0.0": {
							"post": [-10.84904, 14.57421, -9.75071],
							"lerp_mode": "catmullrom"
						},
						"0.0417": [-15.34656, 14.65923, -10.38631],
						"0.0833": [-29.94761, 14.94196, -12.47332],
						"0.125": [-56.0792, 15.45162, -16.21905],
						"0.1667": [-84.8081, 15.93452, -20.02081],
						"0.2083": [-85.52971, 15.93452, -20.02081],
						"0.25": [-86.08648, 15.93452, -20.02081],
						"0.2917": [-86.8081, 15.93452, -20.02081],
						"0.3333": [-86.68618, 15.93452, -20.02081],
						"0.4167": [-85.68002, 15.93452, -20.02081],
						"0.4583": [-85.5581, 15.93452, -20.02081],
						"0.5": [-85.54621, 15.93452, -20.02081],
						"0.5833": [-84.81998, 15.93452, -20.02081],
						"0.625": [-84.8081, 15.93452, -20.02081],
						"0.6667": [-85.12631, 15.93452, -20.02081],
						"0.75": [-85.23988, 15.93452, -20.02081],
						"0.7917": [-85.5581, 15.93452, -20.02081],
						"0.8333": [-86.13518, 15.93452, -20.02081],
						"1.0417": [-88.23102, 15.93452, -20.02081],
						"1.0833": [-88.8081, 15.93452, -20.02081],
						"1.125": [-89.4014, 15.93452, -20.02081],
						"1.2083": [-90.2148, 15.93452, -20.02081],
						"1.25": [-90.8081, 15.93452, -20.02081],
						"1.2917": [-60.28861, 15.45162, -16.21905],
						"1.3333": [-31.78177, 14.94196, -12.47332],
						"1.375": [-15.78537, 14.65923, -10.38631],
						"1.4167": {
							"pre": [-10.84904, 14.57421, -9.75071],
							"post": [-10.84904, 14.57421, -9.75071],
							"lerp_mode": "catmullrom"
						},
						"1.5833": {
							"post": [-10.84904, 14.57421, -9.75071],
							"lerp_mode": "catmullrom"
						}
					}
				},
				"LeftForeArm": {
					"rotation": {
						"0.0": {
							"post": [-87.5, 0, 0],
							"lerp_mode": "catmullrom"
						},
						"0.0833": {
							"post": [-81.33, 0, 0],
							"lerp_mode": "catmullrom"
						},
						"0.1667": {
							"post": [-100, 0, 0],
							"lerp_mode": "catmullrom"
						},
						"0.2917": {
							"post": [-98.75, 0, 0],
							"lerp_mode": "catmullrom"
						},
						"0.4583": {
							"post": [-100, 0, 0],
							"lerp_mode": "catmullrom"
						},
						"0.625": {
							"post": [-98.75, 0, 0],
							"lerp_mode": "catmullrom"
						},
						"0.7917": {
							"post": [-100, 0, 0],
							"lerp_mode": "catmullrom"
						},
						"1.0833": {
							"post": [-98.75, 0, 0],
							"lerp_mode": "catmullrom"
						},
						"1.25": {
							"post": [-97.5, 0, 0],
							"lerp_mode": "catmullrom"
						},
						"1.3333": {
							"post": [-81.33, 0, 0],
							"lerp_mode": "catmullrom"
						},
						"1.4167": {
							"post": [-87.5, 0, 0],
							"lerp_mode": "catmullrom"
						},
						"1.5833": {
							"post": [-87.5, 0, 0],
							"lerp_mode": "catmullrom"
						}
					}
				},
				"head": {
					"rotation": {
						"0.0": {
							"post": [0, 0, 0],
							"lerp_mode": "catmullrom"
						},
						"0.125": {
							"post": [-12.5, 0, 0],
							"lerp_mode": "catmullrom"
						},
						"0.2917": {
							"post": [-16, 0, 0],
							"lerp_mode": "catmullrom"
						},
						"0.4583": {
							"post": [-14.25, 0, 0],
							"lerp_mode": "catmullrom"
						},
						"0.625": {
							"post": [-13, 0, 0],
							"lerp_mode": "catmullrom"
						},
						"0.7917": {
							"post": [-13.75, 0, 0],
							"lerp_mode": "catmullrom"
						},
						"1.0833": {
							"post": [-17.5, 0, 0],
							"lerp_mode": "catmullrom"
						},
						"1.25": {
							"post": [-17.75, 0, 0],
							"lerp_mode": "catmullrom"
						},
						"1.4167": {
							"post": [0, 0, 0],
							"lerp_mode": "catmullrom"
						},
						"1.5833": {
							"post": [0, 0, 0],
							"lerp_mode": "catmullrom"
						}
					}
				},
				"LeftHandLocator": {
					"rotation": [-90, 0, 0],
					"position": [2, -10, -10]
				}
			}
		},
		"use_mainhand:spyglass": {
			"loop": true,
			"bones": {
				"RightHandLocator": {
					"rotation": [-90, 0, 0],
					"position": [1.5, -5, -6.5]
				}
			}
		},
		"use_offhand:spyglass": {
			"loop": true,
			"bones": {
				"LeftArm": {
					"rotation": ["-71.0563-0.8*ysm.head_pitch", "-0.5*ysm.head_yaw", 0]
				},
				"LeftForeArm": {
					"rotation": [-112.5, 0, 0]
				},
				"LeftHandLocator": {
					"rotation": [-90, 0, 0],
					"position": [-1.5, -5, -6.5]
				},
				"UpBody": {
					"rotation": ["-0.2*ysm.head_pitch", "-0.5*ysm.head_yaw", 0]
				}
			}
		},
		"hold_mainhand:spyglass": {
			"loop": true,
			"bones": {
				"RightHandLocator": {
					"rotation": [-90, 0, 0],
					"position": [1.5, 0, 0]
				}
			}
		},
		"hold_offhand:spyglass": {
			"loop": true,
			"bones": {
				"LeftHandLocator": {
					"rotation": [-90, 0, 0],
					"position": [-1.5, 0, 0]
				}
			}
		},
		"hold_mainhand:fishing": {
			"loop": true,
			"bones": {
				"RightHandLocator": {
					"rotation": [45, 0, 0]
				}
			}
		},
		"hold_offhand:fishing": {
			"loop": true,
			"bones": {
				"LeftHandLocator": {
					"rotation": [45, 0, 0]
				}
			}
		},
		"swing:fishing_rod": {
			"loop": "hold_on_last_frame",
			"animation_length": 0.6667
		},
		"swing_offhand:fishing_rod": {
			"loop": "hold_on_last_frame",
			"animation_length": 0.6667
		},
		"hold_mainhand:sword": {
			"loop": true,
			"animation_length": 1000,
			"bones": {
				"RightHandLocator": {
					"rotation": [45, 0, 0],
					"position": [0, 0, -3]
				}
			}
		},
		"hold_offhand:sword": {
			"loop": true,
			"animation_length": 1000,
			"bones": {
				"LeftHandLocator": {
					"rotation": [45, 0, 0],
					"position": [0, 0, -3]
				}
			}
		},
		"swing:sword": {
			"animation_length": 0.2083,
			"bones": {
				"head": {
					"rotation": {
						"0.0": {
							"post": [-10, 0, 0],
							"lerp_mode": "catmullrom"
						},
						"0.0417": {
							"post": [-10, 0, 0],
							"lerp_mode": "catmullrom"
						},
						"0.1667": {
							"post": [12.5, 0, 0],
							"lerp_mode": "catmullrom"
						},
						"0.2083": {
							"post": [0, 0, 0],
							"lerp_mode": "catmullrom"
						}
					},
					"scale": {
						"0.0": {
							"post": [1, 1, 1],
							"lerp_mode": "catmullrom"
						},
						"0.0417": {
							"post": [1, 1, 1],
							"lerp_mode": "catmullrom"
						},
						"0.0833": {
							"post": [1.5, 1.6, 1.5],
							"lerp_mode": "catmullrom"
						},
						"0.1667": {
							"post": [1.4, 1.2, 1.5],
							"lerp_mode": "catmullrom"
						},
						"0.2083": {
							"post": [1, 1, 1],
							"lerp_mode": "catmullrom"
						}
					}
				},
				"Root": {
					"scale": {
						"0.0": {
							"post": [1, 1, 1],
							"lerp_mode": "catmullrom"
						},
						"0.0417": {
							"post": [1.1, 0.8, 1],
							"lerp_mode": "catmullrom"
						},
						"0.0833": {
							"post": [0.9, 1.2, 1],
							"lerp_mode": "catmullrom"
						},
						"0.1667": {
							"post": [0.9, 1.3, 1],
							"lerp_mode": "catmullrom"
						},
						"0.2083": {
							"post": [1, 1, 1],
							"lerp_mode": "catmullrom"
						}
					}
				},
				"Face1": {
					"position": [0, 0, 0.1]
				},
				"Face2": {
					"position": [0, 0, 0.1]
				},
				"Face3": {
					"position": {
						"0.0": [0, 0, -0.1],
						"0.0833": {
							"pre": [0, 0, -0.1],
							"post": [0, 0, 0]
						},
						"0.2083": {
							"pre": [0, 0, 0],
							"post": [0, 0, -0.1]
						}
					}
				},
				"Face4": {
					"position": {
						"0.0": [0, 0, 0],
						"0.0833": {
							"pre": [0, 0, 0],
							"post": [0, 0, -0.1]
						},
						"0.2083": {
							"pre": [0, 0, -0.1],
							"post": [0, 0, 0]
						}
					}
				},
				"Eye": {
					"scale": {
						"0.0": [1, 1, 1],
						"0.0833": {
							"pre": [1, 1, 1],
							"post": [0, 0, 0]
						},
						"0.1667": [0, 0, 0],
						"0.2083": {
							"pre": [0, 0, 0],
							"post": [1, 1, 1]
						}
					}
				},
				"LeftEyeBall": {
					"rotation": {
						"0.0833": {
							"pre": [0, 0, -17.5],
							"post": [0, 0, -17.5],
							"lerp_mode": "catmullrom"
						},
						"0.2083": {
							"post": [0, 0, -17.5],
							"lerp_mode": "catmullrom"
						}
					},
					"position": {
						"0.0833": {
							"pre": [0, 1, 0],
							"post": [0, 1, 0],
							"lerp_mode": "catmullrom"
						},
						"0.2083": {
							"post": [0, 1, 0],
							"lerp_mode": "catmullrom"
						}
					},
					"scale": {
						"0.0833": {
							"pre": [1.2, 0.5, 1],
							"post": [1.2, 0.5, 1],
							"lerp_mode": "catmullrom"
						},
						"0.2083": {
							"post": [1.2, 0.5, 1],
							"lerp_mode": "catmullrom"
						}
					}
				},
				"RightEyeBall": {
					"rotation": {
						"0.0833": {
							"pre": [0, 0, 17.5],
							"post": [0, 0, 17.5],
							"lerp_mode": "catmullrom"
						},
						"0.2083": {
							"post": [0, 0, 17.5],
							"lerp_mode": "catmullrom"
						}
					},
					"position": {
						"0.0833": {
							"pre": [0, 1, 0],
							"post": [0, 1, 0],
							"lerp_mode": "catmullrom"
						},
						"0.2083": {
							"post": [0, 1, 0],
							"lerp_mode": "catmullrom"
						}
					},
					"scale": {
						"0.0833": {
							"pre": [1.2, 0.5, 1],
							"post": [1.2, 0.5, 1],
							"lerp_mode": "catmullrom"
						},
						"0.2083": {
							"post": [1.2, 0.5, 1],
							"lerp_mode": "catmullrom"
						}
					}
				},
				"Nose": {
					"position": [0, 2.9, 0],
					"scale": {
						"0.0": [1, 0.8, 1],
						"0.0833": {
							"pre": [1, 0.8, 1],
							"post": [0, 0, 0]
						},
						"0.1667": [0, 0, 0],
						"0.2083": {
							"pre": [0, 0, 0],
							"post": [1, 0.8, 1]
						}
					}
				},
				"Right_Leg1": {
					"rotation": {
						"0.0": {
							"post": [0, 0, 0],
							"lerp_mode": "catmullrom"
						},
						"0.0833": {
							"post": [-26.94346, 2.96534, 4.79071],
							"lerp_mode": "catmullrom"
						},
						"0.125": {
							"post": [-63.8635, -49.8045, 21.25456],
							"lerp_mode": "catmullrom"
						},
						"0.1667": {
							"post": [156.50794, -57.42986, -172.25868],
							"lerp_mode": "catmullrom"
						},
						"0.2083": {
							"post": [0, 0, 0],
							"lerp_mode": "catmullrom"
						}
					},
					"position": {
						"0.0": {
							"post": [0, 0, 0],
							"lerp_mode": "catmullrom"
						},
						"0.0417": {
							"post": [0, 11, 0],
							"lerp_mode": "catmullrom"
						},
						"0.0833": {
							"post": [-1, 17, 0],
							"lerp_mode": "catmullrom"
						},
						"0.125": {
							"post": [-4.81, 10.56, -3.37],
							"lerp_mode": "catmullrom"
						},
						"0.1667": {
							"post": [-4, 3, -6],
							"lerp_mode": "catmullrom"
						},
						"0.2083": {
							"post": [0, 0, 0],
							"lerp_mode": "catmullrom"
						}
					},
					"scale": {
						"0.0": {
							"post": [1, 1, 1],
							"lerp_mode": "catmullrom"
						},
						"0.0417": {
							"post": [1, 1, 1],
							"lerp_mode": "catmullrom"
						},
						"0.0833": {
							"post": [1.2, 1.2, 1],
							"lerp_mode": "catmullrom"
						},
						"0.2083": {
							"post": [1, 1, 1],
							"lerp_mode": "catmullrom"
						}
					}
				},
				"Right_Leg2": {
					"rotation": {
						"0.0833": {
							"pre": [0, 0, 42.5],
							"post": [0, 0, 42.5],
							"lerp_mode": "catmullrom"
						},
						"0.125": {
							"post": [0, 0, 69.91],
							"lerp_mode": "catmullrom"
						},
						"0.2083": {
							"post": [0, 0, 0],
							"lerp_mode": "catmullrom"
						}
					}
				},
				"Left_Leg1": {
					"rotation": {
						"0.0": {
							"post": [0, 0, 0],
							"lerp_mode": "catmullrom"
						},
						"0.0833": {
							"post": [-38.26695, -8.57667, -6.89959],
							"lerp_mode": "catmullrom"
						},
						"0.125": {
							"post": [-53.83016, 56.85233, -14.27561],
							"lerp_mode": "catmullrom"
						},
						"0.1667": {
							"post": [169.11579, 52.51397, 196.16279],
							"lerp_mode": "catmullrom"
						},
						"0.2083": {
							"post": [0, 0, 0],
							"lerp_mode": "catmullrom"
						}
					},
					"position": {
						"0.0": {
							"post": [0, 0, 0],
							"lerp_mode": "catmullrom"
						},
						"0.0417": {
							"post": [0, 9, 0],
							"lerp_mode": "catmullrom"
						},
						"0.0833": {
							"post": [2, 18, 0],
							"lerp_mode": "catmullrom"
						},
						"0.125": {
							"post": [5.38, 11.25, -2.81],
							"lerp_mode": "catmullrom"
						},
						"0.1667": {
							"post": [4, 3, -5],
							"lerp_mode": "catmullrom"
						},
						"0.2083": {
							"post": [0, 0, 0],
							"lerp_mode": "catmullrom"
						}
					},
					"scale": {
						"0.0": {
							"post": [1, 1, 1],
							"lerp_mode": "catmullrom"
						},
						"0.0417": {
							"post": [1, 1, 1],
							"lerp_mode": "catmullrom"
						},
						"0.0833": {
							"post": [1.2, 1.2, 1],
							"lerp_mode": "catmullrom"
						},
						"0.2083": {
							"post": [1, 1, 1],
							"lerp_mode": "catmullrom"
						}
					}
				},
				"Left_Leg2": {
					"rotation": {
						"0.0833": {
							"pre": [0, 0, -60],
							"post": [0, 0, -60],
							"lerp_mode": "catmullrom"
						},
						"0.125": {
							"post": [0, 0, -82.22],
							"lerp_mode": "catmullrom"
						},
						"0.2083": {
							"post": [0, 0, 0],
							"lerp_mode": "catmullrom"
						}
					}
				},
				"RightHandLocator": {
					"rotation": [45, 0, 0],
					"position": [0, 0, -3]
				}
			}
		},
		"hold_mainhand:bow": {
			"loop": true,
			"animation_length": 1000,
			"bones": {
				"RightHandLocator": {
					"rotation": [0, 0, -90]
				}
			}
		},
		"hold_offhand:bow": {
			"loop": true,
			"animation_length": 1000,
			"bones": {
				"LeftHandLocator": {
					"rotation": [0, 0, 90]
				}
			}
		},
		"use_mainhand:bow": {
			"loop": "hold_on_last_frame",
			"animation_length": 60,
			"bones": {
				"RightHandLocator": {
					"rotation": [0, 0, -90],
					"scale": {
						"0.0": {
							"post": [1, 1, 1],
							"lerp_mode": "catmullrom"
						},
						"0.5": {
							"post": [1, 1, 1],
							"lerp_mode": "catmullrom"
						},
						"1.0": {
							"post": [2, 2, 2],
							"lerp_mode": "catmullrom"
						}
					}
				}
			}
		},
		"use_offhand:bow": {
			"loop": "hold_on_last_frame",
			"animation_length": 60,
			"bones": {
				"LeftHandLocator": {
					"rotation": [0, 0, 90],
					"scale": {
						"0.0": {
							"post": [1, 1, 1],
							"lerp_mode": "catmullrom"
						},
						"0.5": {
							"post": [1, 1, 1],
							"lerp_mode": "catmullrom"
						},
						"1.0": {
							"post": [2, 2, 2],
							"lerp_mode": "catmullrom"
						}
					}
				}
			}
		},
		"hold_mainhand:shield": {
			"loop": true,
			"animation_length": 1000,
			"bones": {
				"RightHandLocator": {
					"rotation": [-90, 0, -247.5],
					"position": [5, -3, 0]
				}
			}
		},
		"use_mainhand:shield": {
			"loop": true,
			"animation_length": 60,
			"bones": {
				"RightHandLocator": {
					"rotation": [-0.97255, -70.05092, -315.83106],
					"position": [3, 0, -3]
				}
			}
		},
		"hold_offhand:shield": {
			"loop": true,
			"animation_length": 1000,
			"bones": {
				"LeftHandLocator": {
					"rotation": [-90, 0, 247.5],
					"position": [-5, -3, 0]
				}
			}
		},
		"use_offhand:shield": {
			"loop": true,
			"animation_length": 60,
			"bones": {
				"LeftHandLocator": {
					"rotation": [-0.97255, 70.05092, 315.83106],
					"position": [-3, 0, -3]
				}
			}
		},
		"use_mainhand:spear": {
			"loop": "hold_on_last_frame",
			"animation_length": 60,
			"bones": {
				"RightHandLocator": {
					"rotation": {
						"0.0": [-90, 0, 0],
						"0.6": [-90, 0, 0]
					},
					"position": {
						"0.0": [0, 0, 0],
						"0.6": [0, 0, -10]
					},
					"scale": {
						"0.0": [1, 1, 1],
						"0.6": [1, 1, 1.5]
					}
				}
			}
		},
		"use_offhand:spear": {
			"loop": "hold_on_last_frame",
			"animation_length": 60,
			"bones": {
				"LeftHandLocator": {
					"rotation": {
						"0.0": [-90, 0, 0],
						"0.5833": [-90, 0, 0]
					},
					"position": {
						"0.0": [0, 0, 0],
						"0.5833": [0, 0, -10]
					},
					"scale": {
						"0.0": [1, 1, 1],
						"0.5833": [1, 1, 1.5]
					}
				}
			}
		},
		"hold_mainhand:spear": {
			"loop": true,
			"animation_length": 1000,
			"bones": {
				"RightHandLocator": {
					"rotation": [90, 0, 0]
				}
			}
		},
		"hold_offhand:spear": {
			"loop": true,
			"animation_length": 1000,
			"bones": {
				"LeftHandLocator": {
					"rotation": [90, 0, 0]
				}
			}
		},
		"swing:spear": {
			"loop": "hold_on_last_frame",
			"animation_length": 3,
			"bones": {
				"RightHandLocator": {
					"rotation": [45, 0, 0],
					"position": [0, 0, -3]
				},
				"head": {
					"rotation": {
						"0.0": {
							"post": [-10, 0, 0],
							"lerp_mode": "catmullrom"
						},
						"0.0417": {
							"post": [-10, 0, 0],
							"lerp_mode": "catmullrom"
						},
						"0.1667": {
							"post": [12.5, 0, 0],
							"lerp_mode": "catmullrom"
						},
						"0.2083": {
							"post": [0, 0, 0],
							"lerp_mode": "catmullrom"
						}
					},
					"scale": {
						"0.0": {
							"post": [1, 1, 1],
							"lerp_mode": "catmullrom"
						},
						"0.0417": {
							"post": [1, 1, 1],
							"lerp_mode": "catmullrom"
						},
						"0.0833": {
							"post": [1.5, 1.6, 1.5],
							"lerp_mode": "catmullrom"
						},
						"0.1667": {
							"post": [1.4, 1.2, 1.5],
							"lerp_mode": "catmullrom"
						},
						"0.2083": {
							"post": [1, 1, 1],
							"lerp_mode": "catmullrom"
						}
					}
				},
				"Root": {
					"scale": {
						"0.0": {
							"post": [1, 1, 1],
							"lerp_mode": "catmullrom"
						},
						"0.0417": {
							"post": [1.1, 0.8, 1],
							"lerp_mode": "catmullrom"
						},
						"0.0833": {
							"post": [0.9, 1.2, 1],
							"lerp_mode": "catmullrom"
						},
						"0.1667": {
							"post": [0.9, 1.3, 1],
							"lerp_mode": "catmullrom"
						},
						"0.2083": {
							"post": [1, 1, 1],
							"lerp_mode": "catmullrom"
						}
					}
				},
				"Face1": {
					"position": [0, 0, 0.1]
				},
				"Face2": {
					"position": [0, 0, 0.1]
				},
				"Face3": {
					"position": {
						"0.0": [0, 0, -0.1],
						"0.0833": {
							"pre": [0, 0, -0.1],
							"post": [0, 0, 0]
						},
						"0.2083": {
							"pre": [0, 0, 0],
							"post": [0, 0, -0.1]
						}
					}
				},
				"Face4": {
					"position": {
						"0.0": [0, 0, 0],
						"0.0833": {
							"pre": [0, 0, 0],
							"post": [0, 0, -0.1]
						},
						"0.2083": {
							"pre": [0, 0, -0.1],
							"post": [0, 0, 0]
						}
					}
				},
				"Eye": {
					"scale": {
						"0.0": [1, 1, 1],
						"0.0833": {
							"pre": [1, 1, 1],
							"post": [0, 0, 0]
						},
						"0.1667": [0, 0, 0],
						"0.2083": {
							"pre": [0, 0, 0],
							"post": [1, 1, 1]
						}
					}
				},
				"LeftEyeBall": {
					"rotation": {
						"0.0833": {
							"pre": [0, 0, -17.5],
							"post": [0, 0, -17.5],
							"lerp_mode": "catmullrom"
						},
						"0.2083": {
							"post": [0, 0, -17.5],
							"lerp_mode": "catmullrom"
						}
					},
					"position": {
						"0.0833": {
							"pre": [0, 1, 0],
							"post": [0, 1, 0],
							"lerp_mode": "catmullrom"
						},
						"0.2083": {
							"post": [0, 1, 0],
							"lerp_mode": "catmullrom"
						}
					},
					"scale": {
						"0.0833": {
							"pre": [1.2, 0.5, 1],
							"post": [1.2, 0.5, 1],
							"lerp_mode": "catmullrom"
						},
						"0.2083": {
							"post": [1.2, 0.5, 1],
							"lerp_mode": "catmullrom"
						}
					}
				},
				"RightEyeBall": {
					"rotation": {
						"0.0833": {
							"pre": [0, 0, 17.5],
							"post": [0, 0, 17.5],
							"lerp_mode": "catmullrom"
						},
						"0.2083": {
							"post": [0, 0, 17.5],
							"lerp_mode": "catmullrom"
						}
					},
					"position": {
						"0.0833": {
							"pre": [0, 1, 0],
							"post": [0, 1, 0],
							"lerp_mode": "catmullrom"
						},
						"0.2083": {
							"post": [0, 1, 0],
							"lerp_mode": "catmullrom"
						}
					},
					"scale": {
						"0.0833": {
							"pre": [1.2, 0.5, 1],
							"post": [1.2, 0.5, 1],
							"lerp_mode": "catmullrom"
						},
						"0.2083": {
							"post": [1.2, 0.5, 1],
							"lerp_mode": "catmullrom"
						}
					}
				},
				"Nose": {
					"position": [0, 2.9, 0],
					"scale": {
						"0.0": [1, 0.8, 1],
						"0.0833": {
							"pre": [1, 0.8, 1],
							"post": [0, 0, 0]
						},
						"0.1667": [0, 0, 0],
						"0.2083": {
							"pre": [0, 0, 0],
							"post": [1, 0.8, 1]
						}
					}
				},
				"Right_Leg1": {
					"rotation": {
						"0.0": {
							"post": [0, 0, 0],
							"lerp_mode": "catmullrom"
						},
						"0.0833": {
							"post": [-26.94346, 2.96534, 4.79071],
							"lerp_mode": "catmullrom"
						},
						"0.125": {
							"post": [-63.8635, -49.8045, 21.25456],
							"lerp_mode": "catmullrom"
						},
						"0.1667": {
							"post": [156.50794, -57.42986, -172.25868],
							"lerp_mode": "catmullrom"
						},
						"0.2083": {
							"post": [0, 0, 0],
							"lerp_mode": "catmullrom"
						}
					},
					"position": {
						"0.0": {
							"post": [0, 0, 0],
							"lerp_mode": "catmullrom"
						},
						"0.0417": {
							"post": [0, 11, 0],
							"lerp_mode": "catmullrom"
						},
						"0.0833": {
							"post": [-1, 17, 0],
							"lerp_mode": "catmullrom"
						},
						"0.125": {
							"post": [-4.81, 10.56, -3.37],
							"lerp_mode": "catmullrom"
						},
						"0.1667": {
							"post": [-4, 3, -6],
							"lerp_mode": "catmullrom"
						},
						"0.2083": {
							"post": [0, 0, 0],
							"lerp_mode": "catmullrom"
						}
					},
					"scale": {
						"0.0": {
							"post": [1, 1, 1],
							"lerp_mode": "catmullrom"
						},
						"0.0417": {
							"post": [1, 1, 1],
							"lerp_mode": "catmullrom"
						},
						"0.0833": {
							"post": [1.2, 1.2, 1],
							"lerp_mode": "catmullrom"
						},
						"0.2083": {
							"post": [1, 1, 1],
							"lerp_mode": "catmullrom"
						}
					}
				},
				"Right_Leg2": {
					"rotation": {
						"0.0833": {
							"pre": [0, 0, 42.5],
							"post": [0, 0, 42.5],
							"lerp_mode": "catmullrom"
						},
						"0.125": {
							"post": [0, 0, 69.91],
							"lerp_mode": "catmullrom"
						},
						"0.2083": {
							"post": [0, 0, 0],
							"lerp_mode": "catmullrom"
						}
					}
				},
				"Left_Leg1": {
					"rotation": {
						"0.0": {
							"post": [0, 0, 0],
							"lerp_mode": "catmullrom"
						},
						"0.0833": {
							"post": [-38.26695, -8.57667, -6.89959],
							"lerp_mode": "catmullrom"
						},
						"0.125": {
							"post": [-53.83016, 56.85233, -14.27561],
							"lerp_mode": "catmullrom"
						},
						"0.1667": {
							"post": [169.11579, 52.51397, 196.16279],
							"lerp_mode": "catmullrom"
						},
						"0.2083": {
							"post": [0, 0, 0],
							"lerp_mode": "catmullrom"
						}
					},
					"position": {
						"0.0": {
							"post": [0, 0, 0],
							"lerp_mode": "catmullrom"
						},
						"0.0417": {
							"post": [0, 9, 0],
							"lerp_mode": "catmullrom"
						},
						"0.0833": {
							"post": [2, 18, 0],
							"lerp_mode": "catmullrom"
						},
						"0.125": {
							"post": [5.38, 11.25, -2.81],
							"lerp_mode": "catmullrom"
						},
						"0.1667": {
							"post": [4, 3, -5],
							"lerp_mode": "catmullrom"
						},
						"0.2083": {
							"post": [0, 0, 0],
							"lerp_mode": "catmullrom"
						}
					},
					"scale": {
						"0.0": {
							"post": [1, 1, 1],
							"lerp_mode": "catmullrom"
						},
						"0.0417": {
							"post": [1, 1, 1],
							"lerp_mode": "catmullrom"
						},
						"0.0833": {
							"post": [1.2, 1.2, 1],
							"lerp_mode": "catmullrom"
						},
						"0.2083": {
							"post": [1, 1, 1],
							"lerp_mode": "catmullrom"
						}
					}
				},
				"Left_Leg2": {
					"rotation": {
						"0.0833": {
							"pre": [0, 0, -60],
							"post": [0, 0, -60],
							"lerp_mode": "catmullrom"
						},
						"0.125": {
							"post": [0, 0, -82.22],
							"lerp_mode": "catmullrom"
						},
						"0.2083": {
							"post": [0, 0, 0],
							"lerp_mode": "catmullrom"
						}
					}
				}
			}
		},
		"use_mainhand:crossbow": {
			"loop": "hold_on_last_frame",
			"animation_length": 60,
			"bones": {
				"RightHandLocator": {
					"rotation": [0, -10, 0],
					"position": [2, -1, 0]
				}
			}
		},
		"use_offhand:crossbow": {
			"loop": "hold_on_last_frame",
			"animation_length": 60,
			"bones": {
				"LeftHandLocator": {
					"rotation": [0, 10, 0],
					"position": [-2, -1, 0]
				}
			}
		},
		"hold_mainhand:charged_crossbow": {
			"loop": true,
			"animation_length": 2,
			"bones": {
				"RightHandLocator": {
					"rotation": [0, -10, 0],
					"position": [2, -1, 0]
				}
			}
		},
		"hold_offhand:charged_crossbow": {
			"loop": true,
			"animation_length": 2,
			"bones": {
				"LeftHandLocator": {
					"rotation": [0, 10, 0],
					"position": [-2, -1, 0]
				}
			}
		},
		"hold_mainhand:crossbow": {
			"loop": true,
			"animation_length": 1000,
			"bones": {
				"RightHandLocator": {
					"rotation": [0, -10, 0],
					"position": [2, -1, 0]
				}
			}
		},
		"hold_offhand:crossbow": {
			"loop": true,
			"animation_length": 1000,
			"bones": {
				"LeftHandLocator": {
					"rotation": [0, 10, 0],
					"position": [-2, -1, 0]
				}
			}
		},
		"hold_mainhand:pickaxe": {
			"loop": true,
			"animation_length": 1000
		},
		"hold_offhand:pickaxe": {
			"loop": true,
			"animation_length": 1000
		},
		"hold_mainhand:shovel": {
			"loop": true,
			"animation_length": 1000
		},
		"hold_offhand:shovel": {
			"loop": true,
			"animation_length": 1000
		},
		"hold_mainhand:hoe": {
			"loop": true,
			"animation_length": 1000
		},
		"hold_offhand:hoe": {
			"loop": true,
			"animation_length": 1000
		},
		"hold_mainhand:axe": {
			"loop": true,
			"animation_length": 1000
		},
		"hold_offhand:axe": {
			"loop": true,
			"animation_length": 1000
		},
		"hold_mainhand:throwable_potion": {
			"loop": true,
			"animation_length": 33.875
		},
		"hold_offhand:throwable_potion": {
			"loop": true,
			"animation_length": 33.875
		},
		"swing:throwable_potion": {
			"loop": true,
			"animation_length": 4,
			"bones": {
				"RightHandLocator": {
					"position": {
						"0.0": [0, 0, 0],
						"3.125": [0, 0, 0],
						"3.1667": [0, 0, -3.78],
						"3.2083": [0, 0, -5.72],
						"3.25": [0, 0, -6.85],
						"3.2917": [0, 0, -7.51],
						"3.3333": [0, 0, -7.87],
						"3.375": [0, 0, -8],
						"3.4167": [0, 0, -7.93],
						"3.4583": [0, 0, -7.63],
						"3.5": [0, 0, -7.12],
						"3.5417": [0, 0, -6.39],
						"3.5833": [0, 0, -5.43],
						"3.625": [0, 0, -4.19],
						"3.6667": [0, 0, -2.58],
						"3.7083": [0, 0, 0]
					},
					"scale": {
						"0.0": {
							"post": [1, 1, 1],
							"lerp_mode": "catmullrom"
						},
						"0.2083": [0, 0, 0],
						"1.6667": [0, 0, 0],
						"2.0": [1, 1, 1]
					}
				}
			}
		},
		"swing_offhand:throwable_potion": {
			"loop": true,
			"animation_length": 4,
			"bones": {
				"LeftHandLocator": {
					"position": {
						"0.0": [0, 0, 0],
						"3.125": [0, 0, 0],
						"3.1667": [0, 0, -3.78],
						"3.2083": [0, 0, -5.72],
						"3.25": [0, 0, -6.85],
						"3.2917": [0, 0, -7.51],
						"3.3333": [0, 0, -7.87],
						"3.375": [0, 0, -8],
						"3.4167": [0, 0, -7.93],
						"3.4583": [0, 0, -7.63],
						"3.5": [0, 0, -7.12],
						"3.5417": [0, 0, -6.39],
						"3.5833": [0, 0, -5.43],
						"3.625": [0, 0, -4.19],
						"3.6667": [0, 0, -2.58],
						"3.7083": [0, 0, 0]
					},
					"scale": {
						"0.0": {
							"post": [1, 1, 1],
							"lerp_mode": "catmullrom"
						},
						"0.2083": [0, 0, 0],
						"1.6667": [0, 0, 0],
						"2.0": [1, 1, 1]
					}
				}
			}
		},
		"hold_mainhand$minecraft:mace": {
			"loop": true,
			"animation_length": 1000
		},
		"hold_offhand$minecraft:mace": {
			"loop": true,
			"animation_length": 1000
		},
		"swing$minecraft:mace": {
			"loop": "hold_on_last_frame",
			"animation_length": 1.5,
			"bones": {
				"UpBody": {
					"rotation": [0, 0, 0]
				},
				"UpperBody": {
					"rotation": {
						"0.0": [-20, 0, 0],
						"0.0417": {
							"pre": [7.06, 0, 0],
							"post": [7.06, 0, 0],
							"lerp_mode": "catmullrom"
						},
						"0.0833": {
							"post": [30.53, 0, 0],
							"lerp_mode": "catmullrom"
						},
						"0.1667": {
							"post": [36, 0, 0],
							"lerp_mode": "catmullrom"
						},
						"0.2917": [36, 0, 0],
						"0.5": {
							"pre": [36, 0, 0],
							"post": [36, 0, 0],
							"lerp_mode": "catmullrom"
						},
						"0.75": {
							"post": [36, 0, 0],
							"lerp_mode": "catmullrom"
						},
						"1.0833": {
							"post": [0, 0, 0],
							"lerp_mode": "catmullrom"
						},
						"1.5": {
							"post": [0, 0, 0],
							"lerp_mode": "catmullrom"
						}
					}
				},
				"RightArm": {
					"rotation": {
						"0.0": [-167.20517, 2.72842, -33.2615],
						"0.0833": {
							"pre": [-150, 1.52, -18.59],
							"post": [-150, 1.52, -18.59],
							"lerp_mode": "catmullrom"
						},
						"0.1667": {
							"post": [-60, 0, -7.4954],
							"lerp_mode": "catmullrom"
						},
						"0.25": [-40, 0, -7.4954],
						"0.75": [-37.2289, 0, -7.4954],
						"1.0": {
							"pre": [-85.22452, -2.75181, -6.99477],
							"post": [-85.22452, -2.75181, -6.99477],
							"lerp_mode": "catmullrom"
						},
						"1.3333": {
							"post": [-82.61267, 1.29876, -9.91615],
							"lerp_mode": "catmullrom"
						},
						"1.5": ["10+math.sin(query.anim_time*90)+v.L12_P0", 0, "0.2*v.L12_P0"]
					}
				},
				"RightForeArm": {
					"rotation": {
						"0.0": {
							"post": [-90, 0, 0],
							"lerp_mode": "catmullrom"
						},
						"0.0833": {
							"post": [-14, 0, 0],
							"lerp_mode": "catmullrom"
						},
						"0.25": [0, 0, 0],
						"0.75": [0, 0, 0],
						"1.0": {
							"pre": [-6, 0, 0],
							"post": [-6, 0, 0],
							"lerp_mode": "catmullrom"
						},
						"1.3333": {
							"post": [-40, 0, 0],
							"lerp_mode": "catmullrom"
						},
						"1.5": ["-17.5+math.sin(-120+query.anim_time*90)*2", 0, 0]
					}
				},
				"RightHand": {
					"rotation": {
						"0.0": {
							"post": [0, 0, 0],
							"lerp_mode": "catmullrom"
						},
						"0.0417": {
							"post": [5.41554, 0, 0],
							"lerp_mode": "catmullrom"
						},
						"0.0833": {
							"post": [20.91542, 0, 0],
							"lerp_mode": "catmullrom"
						},
						"0.125": {
							"post": [54.33, 0, 0],
							"lerp_mode": "catmullrom"
						},
						"0.2083": {
							"post": [59.78506, 0, 0],
							"lerp_mode": "catmullrom"
						},
						"0.2917": [60, 0, 0],
						"0.5": [60, 0, 0],
						"0.75": {
							"pre": [60, 0, 0],
							"post": [60, 0, 0],
							"lerp_mode": "catmullrom"
						},
						"1.3333": {
							"post": [30.59, 0, 0],
							"lerp_mode": "catmullrom"
						},
						"1.5": [30, 0, 0]
					}
				},
				"RightHandLocator": {
					"scale": {
						"0.0": ["1-v.mace", "1-v.mace", "1-v.mace"],
						"1.0": ["1-v.mace", "1-v.mace", "1-v.mace"],
						"1.5": ["1-0.005*v.L12_P0", "1-0.005*v.L12_P0", "1-0.005*v.L12_P0"]
					}
				}
			},
			"timeline": {
				"0.0": "v.mace=0.005*v.L12_P0;"
			}
		},
		"use_mainhand$minecraft:brush": {
			"loop": true,
			"animation_length": 0.5,
			"bones": {
				"UpBody": {
					"rotation": {
						"0.0": {
							"post": [20, 0, 0],
							"lerp_mode": "catmullrom"
						}
					}
				},
				"RightArm": {
					"rotation": {
						"0.0": {
							"post": [-25.7359, 14.06044, 1.14491],
							"lerp_mode": "catmullrom"
						},
						"0.25": {
							"post": [-48.2359, -14.06044, -1.14491],
							"lerp_mode": "catmullrom"
						},
						"0.5": {
							"post": [-25.7359, 14.06044, 1.14491],
							"lerp_mode": "catmullrom"
						}
					}
				},
				"RightForeArm": {
					"rotation": {
						"0.0": {
							"post": [-25.21, 8.45, -3.39],
							"lerp_mode": "catmullrom"
						},
						"0.0417": {
							"post": [-25.21, 14.94, -0.97],
							"lerp_mode": "catmullrom"
						},
						"0.0833": {
							"post": [-25.21, 17.54, 0],
							"lerp_mode": "catmullrom"
						},
						"0.125": {
							"post": [-25.21, 14.94, -0.97],
							"lerp_mode": "catmullrom"
						},
						"0.1667": {
							"post": [-25.21, 8.45, -3.39],
							"lerp_mode": "catmullrom"
						},
						"0.2083": {
							"post": [-25.21, 0, -6.53],
							"lerp_mode": "catmullrom"
						},
						"0.25": {
							"post": [-25.21, -8.45, -9.67],
							"lerp_mode": "catmullrom"
						},
						"0.2917": {
							"post": [-25.21, -14.94, -12.09],
							"lerp_mode": "catmullrom"
						},
						"0.3333": {
							"post": [-25.21, -17.54, -13.06],
							"lerp_mode": "catmullrom"
						},
						"0.375": {
							"post": [-25.21, -14.94, -12.09],
							"lerp_mode": "catmullrom"
						},
						"0.4167": {
							"post": [-25.21, -8.45, -9.67],
							"lerp_mode": "catmullrom"
						},
						"0.4583": {
							"post": [-25.21, 0, -6.53],
							"lerp_mode": "catmullrom"
						},
						"0.5": {
							"post": [-25.21, 8.45, -3.39],
							"lerp_mode": "catmullrom"
						}
					}
				},
				"RightHandLocator": {
					"rotation": [60, 0, 0]
				}
			}
		},
		"use_offhand$minecraft:brush": {
			"loop": true,
			"animation_length": 0.5,
			"bones": {
				"UpBody": {
					"rotation": {
						"0.0": {
							"post": [20, 0, 0],
							"lerp_mode": "catmullrom"
						}
					}
				},
				"LeftArm": {
					"rotation": {
						"0.0": {
							"post": [-25.7359, -14.06044, -1.14491],
							"lerp_mode": "catmullrom"
						},
						"0.25": {
							"post": [-48.2359, 14.06044, 1.14491],
							"lerp_mode": "catmullrom"
						},
						"0.5": {
							"post": [-25.7359, -14.06044, -1.14491],
							"lerp_mode": "catmullrom"
						}
					}
				},
				"LeftForeArm": {
					"rotation": {
						"0.0": {
							"post": [-25.21, -8.45, 3.39],
							"lerp_mode": "catmullrom"
						},
						"0.0417": {
							"post": [-25.21, -14.94, 0.97],
							"lerp_mode": "catmullrom"
						},
						"0.0833": {
							"post": [-25.21, -17.54, 0],
							"lerp_mode": "catmullrom"
						},
						"0.125": {
							"post": [-25.21, -14.94, 0.97],
							"lerp_mode": "catmullrom"
						},
						"0.1667": {
							"post": [-25.21, -8.45, 3.39],
							"lerp_mode": "catmullrom"
						},
						"0.2083": {
							"post": [-25.21, 0, 6.53],
							"lerp_mode": "catmullrom"
						},
						"0.25": {
							"post": [-25.21, 8.45, 9.67],
							"lerp_mode": "catmullrom"
						},
						"0.2917": {
							"post": [-25.21, 14.94, 12.09],
							"lerp_mode": "catmullrom"
						},
						"0.3333": {
							"post": [-25.21, 17.54, 13.06],
							"lerp_mode": "catmullrom"
						},
						"0.375": {
							"post": [-25.21, 14.94, 12.09],
							"lerp_mode": "catmullrom"
						},
						"0.4167": {
							"post": [-25.21, 8.45, 9.67],
							"lerp_mode": "catmullrom"
						},
						"0.4583": {
							"post": [-25.21, 0, 6.53],
							"lerp_mode": "catmullrom"
						},
						"0.5": {
							"post": [-25.21, -8.45, 3.39],
							"lerp_mode": "catmullrom"
						}
					}
				},
				"LeftHandLocator": {
					"rotation": [60, 0, 0]
				}
			}
		},
		"use_mainhand$minecraft:goat_horn": {
			"loop": true,
			"animation_length": 8,
			"bones": {
				"RightHandLocator": {
					"rotation": {
						"0.0": {
							"post": [0, -35, 0],
							"lerp_mode": "catmullrom"
						}
					},
					"position": {
						"0.0": {
							"post": [-2, -11, -7],
							"lerp_mode": "catmullrom"
						},
						"1.0": {
							"post": [-2, -13, -11],
							"lerp_mode": "catmullrom"
						}
					},
					"scale": {
						"0.0": {
							"post": [1, 1, 1],
							"lerp_mode": "catmullrom"
						},
						"1.0": {
							"post": [1.3, 1.3, 1.3],
							"lerp_mode": "catmullrom"
						}
					}
				}
			}
		},
		"use_offhand$minecraft:goat_horn": {
			"loop": true,
			"animation_length": 8,
			"bones": {
				"LeftHandLocator": {
					"rotation": {
						"0.0": {
							"post": [0, 35, 0],
							"lerp_mode": "catmullrom"
						}
					},
					"position": {
						"0.0": {
							"post": [2, -11, -7],
							"lerp_mode": "catmullrom"
						},
						"1.0": {
							"post": [2, -13, -11],
							"lerp_mode": "catmullrom"
						}
					},
					"scale": {
						"0.0": {
							"post": [1, 1, 1],
							"lerp_mode": "catmullrom"
						},
						"1.0": {
							"post": [1.3, 1.3, 1.3],
							"lerp_mode": "catmullrom"
						}
					}
				}
			}
		}
	}
}