{
	"format_version": "1.12.0",
	"minecraft:geometry": [
		{
			"description": {
				"identifier": "geometry.unknown",
				"texture_width": 128,
				"texture_height": 128,
				"visible_bounds_width": 3,
				"visible_bounds_height": 4.5,
				"visible_bounds_offset": [0, 1.75, 0]
			},
			"bones": [
				{
					"name": "Arms",
					"pivot": [-7, 30.95, 0]
				},
				{
					"name": "LeftArm",
					"parent": "Arms",
					"pivot": [2.25, 29.3, 0],
					"cubes": [
						{
							"origin": [0.14583, 23.28563, -1.5],
							"size": [3.3, 7.25, 3.2],
							"inflate": 0.002,
							"uv": {
								"north": {"uv": [8, 49], "uv_size": [3.5, 7]},
								"east": {"uv": [22, 54], "uv_size": [3, 7]},
								"south": {"uv": [0, 53], "uv_size": [3.5, 7]},
								"west": {"uv": [25, 54], "uv_size": [3, 7]},
								"up": {"uv": [35, 63], "uv_size": [3.5, 3]},
								"down": {"uv": [0, 67], "uv_size": [3.5, -3]}
							}
						},
						{
							"origin": [0.67083, 23.78563, -1.35],
							"size": [2.7, 1, 2.9],
							"inflate": 0.002,
							"uv": {
								"north": {"uv": [69, 39], "uv_size": [2.5, 1]},
								"east": {"uv": [57, 53], "uv_size": [3, 1]},
								"south": {"uv": [8, 70], "uv_size": [2.5, 1]},
								"west": {"uv": [61, 57], "uv_size": [3, 1]},
								"up": {"uv": [67, 46], "uv_size": [2.5, 3]},
								"down": {"uv": [48, 70], "uv_size": [2.5, -3]}
							}
						}
					]
				},
				{
					"name": "LeftForeArm",
					"parent": "LeftArm",
					"pivot": [2.475, 23.35, 0.025],
					"cubes": [
						{
							"origin": [0.67083, 22.28563, -1.35],
							"size": [2.7, 1, 2.9],
							"inflate": 0.002,
							"uv": {
								"north": {"uv": [70, 8], "uv_size": [2.5, 1]},
								"east": {"uv": [64, 61], "uv_size": [3, 1]},
								"south": {"uv": [70, 9], "uv_size": [2.5, 1]},
								"west": {"uv": [66, 37], "uv_size": [3, 1]},
								"up": {"uv": [51, 67], "uv_size": [2.5, 3]},
								"down": {"uv": [67, 64], "uv_size": [2.5, -3]}
							}
						},
						{
							"origin": [0.14583, 18.28563, -1.5],
							"size": [3.3, 5, 3.2],
							"uv": {
								"north": {"uv": [57, 38], "uv_size": [3.5, 5]},
								"east": {"uv": [61, 16], "uv_size": [3, 5]},
								"south": {"uv": [57, 43], "uv_size": [3.5, 5]},
								"west": {"uv": [20, 61], "uv_size": [3, 5]},
								"up": {"uv": [4, 64], "uv_size": [3.5, 3]},
								"down": {"uv": [64, 19], "uv_size": [3.5, -3]}
							}
						},
						{
							"origin": [-0.35417, 17.28563, -2],
							"size": [4.3, 4, 4.2],
							"uv": {
								"north": {"uv": [57, 12], "uv_size": [4.5, 4]},
								"east": {"uv": [60, 58], "uv_size": [4, 4]},
								"south": {"uv": [57, 26], "uv_size": [4.5, 4]},
								"west": {"uv": [12, 61], "uv_size": [4, 4]},
								"up": {"uv": [57, 30], "uv_size": [4.5, 4]},
								"down": {"uv": [57, 38], "uv_size": [4.5, -4]}
							}
						}
					]
				},
				{
					"name": "LeftHand",
					"parent": "LeftForeArm",
					"pivot": [1.89583, 16.78563, 0.1],
					"cubes": [
						{
							"origin": [0.27083, 15.53563, -1.425],
							"size": [3, 3, 3.05],
							"uv": {
								"north": {"uv": [63, 64], "uv_size": [3, 3]},
								"east": {"uv": [12, 65], "uv_size": [3, 3]},
								"south": {"uv": [43, 65], "uv_size": [3, 3]},
								"west": {"uv": [65, 49], "uv_size": [3, 3]},
								"up": {"uv": [65, 52], "uv_size": [3, 3]},
								"down": {"uv": [66, 11], "uv_size": [3, -3]}
							}
						}
					]
				},
				{
					"name": "LeftHand2",
					"parent": "LeftHand",
					"pivot": [2.49583, 16.63563, -0.25],
					"cubes": [
						{
							"origin": [1.99583, 16.13563, -1.275],
							"size": [1, 1, 2.05],
							"uv": {
								"north": {"uv": [63, 64], "uv_size": [1.5, 1.5]},
								"east": {"uv": [12, 65], "uv_size": [3, 3]},
								"south": {"uv": [43, 65], "uv_size": [3, 3]},
								"west": {"uv": [67.5, 50], "uv_size": [0.5, 2]},
								"up": {"uv": [65, 52], "uv_size": [3, 3]},
								"down": {"uv": [68, 11], "uv_size": [1, -1]}
							}
						}
					]
				},
				{
					"name": "RightArm",
					"parent": "Arms",
					"pivot": [-2.35, 29.2, 0],
					"cubes": [
						{
							"origin": [-3.54583, 23.18563, -1.5],
							"size": [3.3, 7.25, 3.2],
							"inflate": 0.002,
							"uv": {
								"north": {"uv": [4, 53], "uv_size": [3.5, 7]},
								"east": {"uv": [28, 54], "uv_size": [3, 7]},
								"south": {"uv": [12, 54], "uv_size": [3.5, 7]},
								"west": {"uv": [45, 54], "uv_size": [3, 7]},
								"up": {"uv": [64, 19], "uv_size": [3.5, 3]},
								"down": {"uv": [64, 25], "uv_size": [3.5, -3]}
							}
						},
						{
							"origin": [-3.47083, 23.68563, -1.35],
							"size": [2.7, 1, 2.9],
							"inflate": 0.002,
							"uv": {
								"north": {"uv": [70, 10], "uv_size": [2.5, 1]},
								"east": {"uv": [68, 54], "uv_size": [3, 1]},
								"south": {"uv": [70, 11], "uv_size": [2.5, 1]},
								"west": {"uv": [69, 12], "uv_size": [3, 1]},
								"up": {"uv": [62, 67], "uv_size": [2.5, 3]},
								"down": {"uv": [65, 70], "uv_size": [2.5, -3]}
							}
						}
					]
				},
				{
					"name": "RightForeArm",
					"parent": "RightArm",
					"pivot": [-2.575, 23.25, 0.025],
					"cubes": [
						{
							"origin": [-3.47083, 22.18563, -1.35],
							"size": [2.7, 1, 2.9],
							"inflate": 0.002,
							"uv": {
								"north": {"uv": [70, 14], "uv_size": [2.5, 1]},
								"east": {"uv": [69, 13], "uv_size": [3, 1]},
								"south": {"uv": [70, 15], "uv_size": [2.5, 1]},
								"west": {"uv": [69, 31], "uv_size": [3, 1]},
								"up": {"uv": [12, 68], "uv_size": [2.5, 3]},
								"down": {"uv": [68, 19], "uv_size": [2.5, -3]}
							}
						},
						{
							"origin": [-3.54583, 18.18563, -1.5],
							"size": [3.3, 5, 3.2],
							"uv": {
								"north": {"uv": [57, 48], "uv_size": [3.5, 5]},
								"east": {"uv": [61, 21], "uv_size": [3, 5]},
								"south": {"uv": [35, 58], "uv_size": [3.5, 5]},
								"west": {"uv": [23, 61], "uv_size": [3, 5]},
								"up": {"uv": [48, 64], "uv_size": [3.5, 3]},
								"down": {"uv": [52, 67], "uv_size": [3.5, -3]}
							}
						},
						{
							"origin": [-4.04583, 17.18563, -2],
							"size": [4.3, 4, 4.2],
							"uv": {
								"north": {"uv": [56, 18], "uv_size": [4.5, 4]},
								"east": {"uv": [48, 60], "uv_size": [4, 4]},
								"south": {"uv": [56, 22], "uv_size": [4.5, 4]},
								"west": {"uv": [52, 60], "uv_size": [4, 4]},
								"up": {"uv": [56, 54], "uv_size": [4.5, 4]},
								"down": {"uv": [57, 12], "uv_size": [4.5, -4]}
							}
						}
					]
				},
				{
					"name": "RightHand",
					"parent": "RightForeArm",
					"pivot": [-1.99583, 16.68563, 0.1],
					"cubes": [
						{
							"origin": [-3.37083, 15.43563, -1.425],
							"size": [3, 3, 3.05],
							"uv": {
								"north": {"uv": [66, 11], "uv_size": [3, 3]},
								"east": {"uv": [20, 66], "uv_size": [3, 3]},
								"south": {"uv": [23, 66], "uv_size": [3, 3]},
								"west": {"uv": [66, 25], "uv_size": [3, 3]},
								"up": {"uv": [66, 28], "uv_size": [3, 3]},
								"down": {"uv": [66, 34], "uv_size": [3, -3]}
							}
						}
					]
				}
			]
		}
	]
}