{
	"format_version": "1.12.0",
	"minecraft:geometry": [
		{
			"description": {
				"identifier": "geometry.unknown",
				"texture_width": 128,
				"texture_height": 128,
				"visible_bounds_width": 6,
				"visible_bounds_height": 5,
				"visible_bounds_offset": [0, 1.5, 0]
			},
			"bones": [
				{
					"name": "Root",
					"pivot": [0, 0, 0]
				},
				{
					"name": "AllBody",
					"parent": "Root",
					"pivot": [0, 20, 0]
				},
				{
					"name": "UpBody",
					"parent": "AllBody",
					"pivot": [0, 20.2, 0],
					"cubes": [
						{
							"origin": [-4.29, 19.39393, -2.418],
							"size": [8.58, 7, 4.836],
							"uv": {
								"north": {"uv": [18, 0], "uv_size": [8.5, 7]},
								"east": {"uv": [12, 39], "uv_size": [5, 7]},
								"south": {"uv": [18, 7], "uv_size": [8.5, 7]},
								"west": {"uv": [25, 39], "uv_size": [5, 7]},
								"up": {"uv": [32, 32], "uv_size": [8.5, 5]},
								"down": {"uv": [0, 39], "uv_size": [8.5, -5]}
							}
						},
						{
							"origin": [-3.74175, 24.77151, -3.4625],
							"size": [1.7, 0.75, 2.2],
							"uv": {
								"north": {"uv": [71, 30], "uv_size": [1.5, 1]},
								"east": {"uv": [66, 70], "uv_size": [2, 1]},
								"south": {"uv": [71, 32], "uv_size": [1.5, 1]},
								"west": {"uv": [70, 66], "uv_size": [2, 1]},
								"up": {"uv": [69, 57], "uv_size": [1.5, 2]},
								"down": {"uv": [58, 71], "uv_size": [1.5, -2]}
							}
						},
						{
							"origin": [-3.74175, 22.02151, -3.4625],
							"size": [1.7, 0.75, 2.2],
							"uv": {
								"north": {"uv": [71, 33], "uv_size": [1.5, 1]},
								"east": {"uv": [70, 69], "uv_size": [2, 1]},
								"south": {"uv": [71, 34], "uv_size": [1.5, 1]},
								"west": {"uv": [70, 70], "uv_size": [2, 1]},
								"up": {"uv": [69, 59], "uv_size": [1.5, 2]},
								"down": {"uv": [60, 71], "uv_size": [1.5, -2]}
							}
						},
						{
							"origin": [-3.74175, 19.52151, -3.4625],
							"size": [1.7, 0.75, 2.2],
							"uv": {
								"north": {"uv": [71, 35], "uv_size": [1.5, 1]},
								"east": {"uv": [8, 71], "uv_size": [2, 1]},
								"south": {"uv": [37, 71], "uv_size": [1.5, 1]},
								"west": {"uv": [12, 71], "uv_size": [2, 1]},
								"up": {"uv": [68, 69], "uv_size": [1.5, 2]},
								"down": {"uv": [70, 8], "uv_size": [1.5, -2]}
							}
						},
						{
							"origin": [-3.24175, 19.27151, -3.2125],
							"size": [0.95, 6.5, 1.95],
							"uv": {
								"north": {"uv": [35, 47], "uv_size": [1, 6.5]},
								"east": {"uv": [30, 39], "uv_size": [2, 6.5]},
								"south": {"uv": [15, 65], "uv_size": [1, 6.5]},
								"west": {"uv": [40, 25], "uv_size": [2, 6.5]},
								"up": {"uv": [63, 70], "uv_size": [1, 2]},
								"down": {"uv": [70, 65], "uv_size": [1, -2]}
							}
						},
						{
							"origin": [-4.075, 24.86337, -1.97319],
							"size": [8.15, 3.25, 3.25],
							"pivot": [0, 26.86337, -0.04819],
							"rotation": [45, 0, 0],
							"uv": {
								"north": {"uv": [48, 24], "uv_size": [8, 3.5]},
								"east": {"uv": [26, 63], "uv_size": [3.5, 3.5]},
								"south": {"uv": [0, 49], "uv_size": [8, 3.5]},
								"west": {"uv": [30, 63], "uv_size": [3.5, 3.5]},
								"up": {"uv": [49, 46], "uv_size": [8, 3.5]},
								"down": {"uv": [49, 53.5], "uv_size": [8, -3.5]}
							}
						}
					]
				},
				{
					"name": "UpperBody",
					"parent": "UpBody",
					"pivot": [0, 26.2, 0.375],
					"cubes": [
						{
							"origin": [-4.1, 27.3, -2.5625],
							"size": [8.2, 5, 5.15],
							"uv": {
								"north": {"uv": [34, 0], "uv_size": [8, 5]},
								"east": {"uv": [52, 8], "uv_size": [5, 5]},
								"south": {"uv": [34, 5], "uv_size": [8, 5]},
								"west": {"uv": [52, 13], "uv_size": [5, 5]},
								"up": {"uv": [9, 34], "uv_size": [8, 5]},
								"down": {"uv": [34, 15], "uv_size": [8, -5]}
							}
						},
						{
							"origin": [-4.524, 26.13393, -2.821],
							"size": [9.048, 6.5, 5.668],
							"uv": {
								"north": {"uv": [18, 14], "uv_size": [9, 6.5]},
								"east": {"uv": [34, 25], "uv_size": [5.5, 6.5]},
								"south": {"uv": [18, 21], "uv_size": [9, 6.5]},
								"west": {"uv": [36, 37], "uv_size": [5.5, 6.5]},
								"up": {"uv": [0, 28], "uv_size": [9, 5.5]},
								"down": {"uv": [9, 33.5], "uv_size": [9, -5.5]}
							}
						},
						{
							"origin": [-1.8315, 28.38369, -3.2125],
							"size": [0.95, 4.25, 1.95],
							"pivot": [-0.4815, 30.00869, 0.0125],
							"rotation": [0, 0, 65],
							"uv": {
								"north": {"uv": [33, 69], "uv_size": [1, 4.5]},
								"east": {"uv": [20, 56], "uv_size": [2, 4.5]},
								"south": {"uv": [35, 69], "uv_size": [1, 4.5]},
								"west": {"uv": [43, 56], "uv_size": [2, 4.5]},
								"up": {"uv": [48, 70], "uv_size": [1, 2]},
								"down": {"uv": [49, 72], "uv_size": [1, -2]}
							}
						},
						{
							"origin": [-3.24175, 25.77151, -3.2125],
							"size": [0.95, 3.75, 1.95],
							"uv": {
								"north": {"uv": [35, 54], "uv_size": [1, 4]},
								"east": {"uv": [25, 28], "uv_size": [2, 4]},
								"south": {"uv": [36, 69], "uv_size": [1, 4]},
								"west": {"uv": [67, 42], "uv_size": [2, 4]},
								"up": {"uv": [70, 61], "uv_size": [1, 2]},
								"down": {"uv": [62, 72], "uv_size": [1, -2]}
							}
						},
						{
							"origin": [-3.74175, 27.27151, -3.4625],
							"size": [1.7, 0.75, 2.2],
							"uv": {
								"north": {"uv": [71, 28], "uv_size": [1.5, 1]},
								"east": {"uv": [64, 70], "uv_size": [2, 1]},
								"south": {"uv": [71, 29], "uv_size": [1.5, 1]},
								"west": {"uv": [70, 65], "uv_size": [2, 1]},
								"up": {"uv": [69, 44], "uv_size": [1.5, 2]},
								"down": {"uv": [69, 57], "uv_size": [1.5, -2]}
							}
						},
						{
							"origin": [-4.27456, 28.99585, -3.2125],
							"size": [0.95, 1.25, 1.95],
							"pivot": [-2.92456, 27.62085, 0.0125],
							"rotation": [0, 0, 35],
							"uv": {
								"north": {"uv": [71, 22], "uv_size": [1, 1.5]},
								"east": {"uv": [69, 32], "uv_size": [2, 1.5]},
								"south": {"uv": [71, 24], "uv_size": [1, 1.5]},
								"west": {"uv": [37, 69], "uv_size": [2, 1.5]},
								"up": {"uv": [52, 70], "uv_size": [1, 2]},
								"down": {"uv": [53, 72], "uv_size": [1, -2]}
							}
						},
						{
							"origin": [-4.77456, 29.24585, -3.4625],
							"size": [1.7, 0.75, 2.2],
							"pivot": [-2.92456, 27.62085, 0.0125],
							"rotation": [0, 0, 35],
							"uv": {
								"north": {"uv": [71, 26], "uv_size": [1.5, 1]},
								"east": {"uv": [70, 36], "uv_size": [2, 1]},
								"south": {"uv": [71, 27], "uv_size": [1.5, 1]},
								"west": {"uv": [70, 48], "uv_size": [2, 1]},
								"up": {"uv": [69, 37], "uv_size": [1.5, 2]},
								"down": {"uv": [69, 44], "uv_size": [1.5, -2]}
							}
						},
						{
							"origin": [0.77268, 31.49792, -3.2125],
							"size": [0.95, 1.25, 1.95],
							"pivot": [2.12268, 31.62292, 0.0125],
							"rotation": [0, 0, -2.5],
							"uv": {
								"north": {"uv": [17, 34], "uv_size": [1, 1]},
								"east": {"uv": [23, 45], "uv_size": [2, 1]},
								"south": {"uv": [31, 46], "uv_size": [1, 1]},
								"west": {"uv": [64, 25], "uv_size": [2, 1]},
								"up": {"uv": [50, 70], "uv_size": [1, 2]},
								"down": {"uv": [51, 72], "uv_size": [1, -2]}
							}
						},
						{
							"origin": [-2.35, 32.15, -2.8625],
							"size": [1.2, 1.25, 5.6],
							"pivot": [0, 29.275, 0.0125],
							"rotation": [0, 0, -5],
							"uv": {
								"north": {"uv": [56, 26], "uv_size": [1, 2]},
								"east": {"uv": [64, 6], "uv_size": [5, 2]},
								"south": {"uv": [42, 56], "uv_size": [1, 2]},
								"west": {"uv": [64, 57], "uv_size": [5, 2]},
								"up": {"uv": [29, 69], "uv_size": [1, 5]},
								"down": {"uv": [30, 74], "uv_size": [1, -5]}
							}
						},
						{
							"origin": [1.15, 32.15, -2.8625],
							"size": [1.2, 1.25, 5.6],
							"pivot": [0, 29.275, 0.0125],
							"rotation": [0, 0, 5],
							"uv": {
								"north": {"uv": [70, 34], "uv_size": [1, 2]},
								"east": {"uv": [58, 64], "uv_size": [5, 2]},
								"south": {"uv": [70, 46], "uv_size": [1, 2]},
								"west": {"uv": [64, 59], "uv_size": [5, 2]},
								"up": {"uv": [31, 69], "uv_size": [1, 5]},
								"down": {"uv": [32, 74], "uv_size": [1, -5]}
							}
						},
						{
							"origin": [-4.88309, 27.35963, -2.639],
							"size": [1.04, 5.2, 5.252],
							"pivot": [-4.36309, 29.95963, -0.013],
							"rotation": [0, 0, -12.5],
							"uv": {
								"north": {"uv": [27, 69], "uv_size": [1, 5]},
								"east": {"uv": [51, 33], "uv_size": [5.5, 5]},
								"south": {"uv": [28, 69], "uv_size": [1, 5]},
								"west": {"uv": [51, 38], "uv_size": [5.5, 5]},
								"up": {"uv": [22, 69], "uv_size": [1, 5.5]},
								"down": {"uv": [23, 74.5], "uv_size": [1, -5.5]}
							}
						},
						{
							"origin": [-5.13309, 27.35963, -2.889],
							"size": [0.79, 5.45, 5.752],
							"pivot": [-4.36309, 29.95963, -0.013],
							"rotation": [0, 0, -12.5],
							"uv": {
								"north": {"uv": [24, 69], "uv_size": [1, 5.5]},
								"east": {"uv": [17, 45], "uv_size": [6, 5.5]},
								"south": {"uv": [25, 69], "uv_size": [1, 5.5]},
								"west": {"uv": [45, 28], "uv_size": [6, 5.5]},
								"up": {"uv": [46, 65], "uv_size": [1, 6]},
								"down": {"uv": [6, 75], "uv_size": [1, -6]}
							}
						},
						{
							"origin": [4.34309, 27.35963, -2.889],
							"size": [0.79, 5.45, 5.752],
							"pivot": [4.36309, 29.95963, -0.013],
							"rotation": [0, 0, 12.5],
							"uv": {
								"north": {"uv": [69, 25], "uv_size": [1, 5.5]},
								"east": {"uv": [45, 34], "uv_size": [6, 5.5]},
								"south": {"uv": [26, 69], "uv_size": [1, 5.5]},
								"west": {"uv": [45, 40], "uv_size": [6, 5.5]},
								"up": {"uv": [69, 6], "uv_size": [1, 6]},
								"down": {"uv": [7, 75], "uv_size": [1, -6]}
							}
						},
						{
							"origin": [3.84309, 27.35963, -2.639],
							"size": [1.04, 5.2, 5.252],
							"pivot": [4.36309, 29.95963, -0.013],
							"rotation": [0, 0, 12.5],
							"uv": {
								"north": {"uv": [41, 32], "uv_size": [1, 5]},
								"east": {"uv": [16, 51], "uv_size": [5.5, 5]},
								"south": {"uv": [16, 46], "uv_size": [1, 5]},
								"west": {"uv": [51, 28], "uv_size": [5.5, 5]},
								"up": {"uv": [20, 69], "uv_size": [1, 5.5]},
								"down": {"uv": [21, 74.5], "uv_size": [1, -5.5]}
							}
						}
					]
				},
				{
					"name": "AllHead",
					"parent": "UpperBody",
					"pivot": [0, 32.2, 0],
					"cubes": [
						{
							"origin": [-2, 32.3, -1.9875],
							"size": [4, 2, 4],
							"uv": {
								"north": {"uv": [57, 16], "uv_size": [4, 2]},
								"east": {"uv": [65, 55], "uv_size": [4, 2]},
								"south": {"uv": [66, 14], "uv_size": [4, 2]},
								"west": {"uv": [0, 67], "uv_size": [4, 2]},
								"up": {"uv": [39, 58], "uv_size": [4, 4]},
								"down": {"uv": [56, 62], "uv_size": [4, -4]}
							}
						}
					]
				},
				{
					"name": "Head",
					"parent": "AllHead",
					"pivot": [0, 33.17077, 0.38878],
					"cubes": [
						{
							"origin": [-3.5, 33.19327, -3.5],
							"size": [7, 7.5, 7],
							"uv": {
								"north": {"uv": [27, 0], "uv_size": [7, 7.5]},
								"east": {"uv": [27, 8], "uv_size": [7, 7.5]},
								"south": {"uv": [27, 16], "uv_size": [7, 7.5]},
								"west": {"uv": [27, 24], "uv_size": [7, 7.5]},
								"up": {"uv": [18, 28], "uv_size": [7, 7]},
								"down": {"uv": [25, 39], "uv_size": [7, -7]}
							}
						},
						{
							"origin": [-3.5, 33.19327, -3.5],
							"size": [7, 7.5, 7],
							"inflate": 0.25,
							"uv": {
								"north": {"uv": [0, 14], "uv_size": [7, 7.5]},
								"east": {"uv": [7, 14], "uv_size": [7, 7.5]},
								"south": {"uv": [71, 54], "uv_size": [7, 7.5]},
								"west": {"uv": [64, 71], "uv_size": [7, 7.5]},
								"up": {"uv": [71, 71], "uv_size": [7, 7]},
								"down": {"uv": [72, 23], "uv_size": [7, -7]}
							}
						}
					]
				},
				{
					"name": "LeftEye",
					"parent": "Head",
					"pivot": [1.45, 36.95577, -3.05],
					"cubes": [
						{
							"origin": [0.975, 36.69327, -3.55],
							"size": [0.95, 0.525, 1],
							"uv": {
								"north": {"uv": [31.5, 6], "uv_size": [0.5, 0.5]},
								"east": {"uv": [103.5, 9.5], "uv_size": [7, 7.5]},
								"south": {"uv": [103.5, 17.5], "uv_size": [7, 7.5]},
								"west": {"uv": [103.5, 25.5], "uv_size": [7, 7.5]},
								"up": {"uv": [94.5, 29.5], "uv_size": [7, 7]},
								"down": {"uv": [101.5, 40.5], "uv_size": [7, -7]}
							}
						}
					]
				},
				{
					"name": "RightEye",
					"parent": "Head",
					"pivot": [1.44, 18.39327, -4.45],
					"cubes": [
						{
							"origin": [-1.925, 36.69327, -3.55],
							"size": [0.95, 0.525, 1],
							"uv": {
								"north": {"uv": [32, 6], "uv_size": [-0.5, 0.5]},
								"east": {"uv": [110.5, 25.5], "uv_size": [-7, 7.5]},
								"south": {"uv": [110.5, 17.5], "uv_size": [-7, 7.5]},
								"west": {"uv": [110.5, 9.5], "uv_size": [-7, 7.5]},
								"up": {"uv": [101.5, 29.5], "uv_size": [-7, 7]},
								"down": {"uv": [108.5, 40.5], "uv_size": [-7, -7]}
							}
						}
					]
				},
				{
					"name": "Arm",
					"parent": "UpperBody",
					"pivot": [0, 31.2, 0]
				},
				{
					"name": "LeftArm",
					"parent": "Arm",
					"pivot": [4.9, 30.75, 0],
					"rotation": [0, 0, -13],
					"cubes": [
						{
							"origin": [2.79583, 24.73563, -1.5],
							"size": [3.3, 7.25, 3.2],
							"inflate": 0.002,
							"uv": {
								"north": {"uv": [8, 49], "uv_size": [3.5, 7]},
								"east": {"uv": [22, 54], "uv_size": [3, 7]},
								"south": {"uv": [0, 53], "uv_size": [3.5, 7]},
								"west": {"uv": [25, 54], "uv_size": [3, 7]},
								"up": {"uv": [35, 63], "uv_size": [3.5, 3]},
								"down": {"uv": [0, 67], "uv_size": [3.5, -3]}
							}
						},
						{
							"origin": [3.32083, 25.23563, -1.35],
							"size": [2.7, 1, 2.9],
							"inflate": 0.002,
							"uv": {
								"north": {"uv": [69, 39], "uv_size": [2.5, 1]},
								"east": {"uv": [57, 53], "uv_size": [3, 1]},
								"south": {"uv": [8, 70], "uv_size": [2.5, 1]},
								"west": {"uv": [61, 57], "uv_size": [3, 1]},
								"up": {"uv": [67, 46], "uv_size": [2.5, 3]},
								"down": {"uv": [48, 70], "uv_size": [2.5, -3]}
							}
						}
					]
				},
				{
					"name": "LeftForeArm",
					"parent": "LeftArm",
					"pivot": [5.125, 24.8, 0.025],
					"cubes": [
						{
							"origin": [3.32083, 23.73563, -1.35],
							"size": [2.7, 1, 2.9],
							"inflate": 0.002,
							"uv": {
								"north": {"uv": [70, 8], "uv_size": [2.5, 1]},
								"east": {"uv": [64, 61], "uv_size": [3, 1]},
								"south": {"uv": [70, 9], "uv_size": [2.5, 1]},
								"west": {"uv": [66, 37], "uv_size": [3, 1]},
								"up": {"uv": [51, 67], "uv_size": [2.5, 3]},
								"down": {"uv": [67, 64], "uv_size": [2.5, -3]}
							}
						},
						{
							"origin": [2.79583, 19.73563, -1.5],
							"size": [3.3, 5, 3.2],
							"uv": {
								"north": {"uv": [57, 38], "uv_size": [3.5, 5]},
								"east": {"uv": [61, 16], "uv_size": [3, 5]},
								"south": {"uv": [57, 43], "uv_size": [3.5, 5]},
								"west": {"uv": [20, 61], "uv_size": [3, 5]},
								"up": {"uv": [4, 64], "uv_size": [3.5, 3]},
								"down": {"uv": [64, 19], "uv_size": [3.5, -3]}
							}
						},
						{
							"origin": [2.29583, 18.73563, -2],
							"size": [4.3, 4, 4.2],
							"uv": {
								"north": {"uv": [57, 12], "uv_size": [4.5, 4]},
								"east": {"uv": [60, 58], "uv_size": [4, 4]},
								"south": {"uv": [57, 26], "uv_size": [4.5, 4]},
								"west": {"uv": [12, 61], "uv_size": [4, 4]},
								"up": {"uv": [57, 30], "uv_size": [4.5, 4]},
								"down": {"uv": [57, 38], "uv_size": [4.5, -4]}
							}
						}
					]
				},
				{
					"name": "LeftHand",
					"parent": "LeftForeArm",
					"pivot": [4.54583, 18.23563, 0.1],
					"cubes": [
						{
							"origin": [2.92083, 16.98563, -1.425],
							"size": [3, 3, 3.05],
							"uv": {
								"north": {"uv": [63, 64], "uv_size": [3, 3]},
								"east": {"uv": [12, 65], "uv_size": [3, 3]},
								"south": {"uv": [43, 65], "uv_size": [3, 3]},
								"west": {"uv": [65, 49], "uv_size": [3, 3]},
								"up": {"uv": [65, 52], "uv_size": [3, 3]},
								"down": {"uv": [66, 11], "uv_size": [3, -3]}
							}
						}
					]
				},
				{
					"name": "LeftHand2",
					"parent": "LeftHand",
					"pivot": [5.14583, 18.08563, -0.25],
					"cubes": [
						{
							"origin": [4.64583, 17.58563, -1.275],
							"size": [1, 1, 2.05],
							"uv": {
								"north": {"uv": [63, 64], "uv_size": [1.5, 1.5]},
								"east": {"uv": [12, 65], "uv_size": [3, 3]},
								"south": {"uv": [43, 65], "uv_size": [3, 3]},
								"west": {"uv": [67.5, 50], "uv_size": [0.5, 2]},
								"up": {"uv": [65, 52], "uv_size": [3, 3]},
								"down": {"uv": [68, 11], "uv_size": [1, -1]}
							}
						}
					]
				},
				{
					"name": "LeftHandLocator",
					"parent": "LeftHand2",
					"pivot": [4.14583, 18.08563, -0.25]
				},
				{
					"name": "RightArm",
					"parent": "Arm",
					"pivot": [-4.9, 30.75, 0],
					"rotation": [0, 0, 13],
					"cubes": [
						{
							"origin": [-6.09583, 24.73563, -1.5],
							"size": [3.3, 7.25, 3.2],
							"inflate": 0.002,
							"uv": {
								"north": {"uv": [4, 53], "uv_size": [3.5, 7]},
								"east": {"uv": [28, 54], "uv_size": [3, 7]},
								"south": {"uv": [12, 54], "uv_size": [3.5, 7]},
								"west": {"uv": [45, 54], "uv_size": [3, 7]},
								"up": {"uv": [64, 19], "uv_size": [3.5, 3]},
								"down": {"uv": [64, 25], "uv_size": [3.5, -3]}
							}
						},
						{
							"origin": [-6.02083, 25.23563, -1.35],
							"size": [2.7, 1, 2.9],
							"inflate": 0.002,
							"uv": {
								"north": {"uv": [70, 10], "uv_size": [2.5, 1]},
								"east": {"uv": [68, 54], "uv_size": [3, 1]},
								"south": {"uv": [70, 11], "uv_size": [2.5, 1]},
								"west": {"uv": [69, 12], "uv_size": [3, 1]},
								"up": {"uv": [62, 67], "uv_size": [2.5, 3]},
								"down": {"uv": [65, 70], "uv_size": [2.5, -3]}
							}
						}
					]
				},
				{
					"name": "RightForeArm",
					"parent": "RightArm",
					"pivot": [-5.125, 24.8, 0.025],
					"cubes": [
						{
							"origin": [-6.02083, 23.73563, -1.35],
							"size": [2.7, 1, 2.9],
							"inflate": 0.002,
							"uv": {
								"north": {"uv": [70, 14], "uv_size": [2.5, 1]},
								"east": {"uv": [69, 13], "uv_size": [3, 1]},
								"south": {"uv": [70, 15], "uv_size": [2.5, 1]},
								"west": {"uv": [69, 31], "uv_size": [3, 1]},
								"up": {"uv": [12, 68], "uv_size": [2.5, 3]},
								"down": {"uv": [68, 19], "uv_size": [2.5, -3]}
							}
						},
						{
							"origin": [-6.09583, 19.73563, -1.5],
							"size": [3.3, 5, 3.2],
							"uv": {
								"north": {"uv": [57, 48], "uv_size": [3.5, 5]},
								"east": {"uv": [61, 21], "uv_size": [3, 5]},
								"south": {"uv": [35, 58], "uv_size": [3.5, 5]},
								"west": {"uv": [23, 61], "uv_size": [3, 5]},
								"up": {"uv": [48, 64], "uv_size": [3.5, 3]},
								"down": {"uv": [52, 67], "uv_size": [3.5, -3]}
							}
						},
						{
							"origin": [-6.59583, 18.73563, -2],
							"size": [4.3, 4, 4.2],
							"uv": {
								"north": {"uv": [56, 18], "uv_size": [4.5, 4]},
								"east": {"uv": [48, 60], "uv_size": [4, 4]},
								"south": {"uv": [56, 22], "uv_size": [4.5, 4]},
								"west": {"uv": [52, 60], "uv_size": [4, 4]},
								"up": {"uv": [56, 54], "uv_size": [4.5, 4]},
								"down": {"uv": [57, 12], "uv_size": [4.5, -4]}
							}
						}
					]
				},
				{
					"name": "GXFC",
					"parent": "RightForeArm",
					"pivot": [-12.5, 34.5, 0.00001],
					"cubes": [
						{
							"origin": [-20, 6, -0.05],
							"size": [9, 23, 0.0001],
							"uv": {
								"north": {"uv": [113.5, 0], "uv_size": [14.5, 45]},
								"east": {"uv": [0, 0], "uv_size": [0, 31]},
								"south": {"uv": [100, 0], "uv_size": [13, 31]},
								"west": {"uv": [0, 0], "uv_size": [0, 31]},
								"up": {"uv": [0, 0], "uv_size": [13, 0]},
								"down": {"uv": [0, 0], "uv_size": [13, 0]}
							}
						},
						{
							"origin": [-20, 6, 0.0499],
							"size": [9, 23, 0.0001],
							"pivot": [-15.5, 17.5, 0.04995],
							"rotation": [0, 180, 0],
							"uv": {
								"north": {"uv": [113, 0], "uv_size": [-13, 31]},
								"east": {"uv": [0, 0], "uv_size": [0, 31]},
								"south": {"uv": [128, 0], "uv_size": [-14.5, 45]},
								"west": {"uv": [0, 0], "uv_size": [0, 31]},
								"up": {"uv": [0, 0], "uv_size": [13, 0]},
								"down": {"uv": [0, 0], "uv_size": [13, 0]}
							}
						},
						{
							"origin": [-22, 0, -1],
							"size": [13, 2, 2],
							"uv": {
								"north": {"uv": [64, 4], "uv_size": [13, -2]},
								"east": {"uv": [14, 16], "uv_size": [2, -2]},
								"south": {"uv": [64, 6], "uv_size": [13, -2]},
								"west": {"uv": [14, 18], "uv_size": [2, -2]},
								"up": {"uv": [72, 6], "uv_size": [13, 2]},
								"down": {"uv": [71, 64], "uv_size": [13, -2]}
							}
						},
						{
							"origin": [-22, 2, 0],
							"size": [13, 31, 0.0001],
							"uv": {
								"north": {"uv": [74, 23], "uv_size": [13, 31]},
								"east": {"uv": [0, 0], "uv_size": [0, 31]},
								"south": {"uv": [0, 75], "uv_size": [13, 31]},
								"west": {"uv": [0, 0], "uv_size": [0, 31]},
								"up": {"uv": [0, 0], "uv_size": [13, 0]},
								"down": {"uv": [0, 0], "uv_size": [13, 0]}
							}
						},
						{
							"origin": [-22, 33, -1],
							"size": [13, 2, 2],
							"uv": {
								"north": {"uv": [64, 2], "uv_size": [13, 2]},
								"east": {"uv": [14, 14], "uv_size": [2, 2]},
								"south": {"uv": [64, 4], "uv_size": [13, 2]},
								"west": {"uv": [14, 16], "uv_size": [2, 2]},
								"up": {"uv": [71, 62], "uv_size": [13, 2]},
								"down": {"uv": [72, 8], "uv_size": [13, -2]}
							}
						}
					]
				},
				{
					"name": "RightHand",
					"parent": "RightForeArm",
					"pivot": [-4.54583, 18.23563, 0.1],
					"cubes": [
						{
							"origin": [-5.92083, 16.98563, -1.425],
							"size": [3, 3, 3.05],
							"uv": {
								"north": {"uv": [66, 11], "uv_size": [3, 3]},
								"east": {"uv": [20, 66], "uv_size": [3, 3]},
								"south": {"uv": [23, 66], "uv_size": [3, 3]},
								"west": {"uv": [66, 25], "uv_size": [3, 3]},
								"up": {"uv": [66, 28], "uv_size": [3, 3]},
								"down": {"uv": [66, 34], "uv_size": [3, -3]}
							}
						}
					]
				},
				{
					"name": "RightHandLocator",
					"parent": "RightHand",
					"pivot": [-4.14583, 18.08563, -0.25]
				},
				{
					"name": "DownBody",
					"parent": "AllBody",
					"pivot": [0, 19.4, 0],
					"cubes": [
						{
							"origin": [-3.75, 18.3, -1.85],
							"size": [7.5, 2, 3.65],
							"uv": {
								"north": {"uv": [26, 61], "uv_size": [7.5, 2]},
								"east": {"uv": [68, 52], "uv_size": [3.5, 2]},
								"south": {"uv": [61, 38], "uv_size": [7.5, 2]},
								"west": {"uv": [68, 67], "uv_size": [3.5, 2]},
								"up": {"uv": [52, 0], "uv_size": [7.5, 3.5]},
								"down": {"uv": [52, 7.5], "uv_size": [7.5, -3.5]}
							}
						}
					]
				},
				{
					"name": "Skirt",
					"parent": "DownBody",
					"pivot": [0, 15.89393, 0.5]
				},
				{
					"name": "ShenTiFront",
					"parent": "Skirt",
					"pivot": [0, 20, -1],
					"cubes": [
						{
							"origin": [-4.54, 5.39393, -2.918],
							"size": [9.08, 14, 1.336],
							"pivot": [0, 15.89393, -0.5],
							"rotation": [-7.5, 0, 0],
							"uv": {
								"north": {"uv": [0, 0], "uv_size": [9, 14]},
								"east": {"uv": [8, 56], "uv_size": [1.5, 14]},
								"south": {"uv": [9, 0], "uv_size": [9, 14]},
								"west": {"uv": [10, 56], "uv_size": [1.5, 14]},
								"up": {"uv": [58, 62], "uv_size": [9, 1.5]},
								"down": {"uv": [64, 1.5], "uv_size": [9, -1.5]}
							}
						},
						{
							"origin": [3.71, 5.39393, -2.082],
							"size": [1.08, 14, 2.25],
							"pivot": [0.25, 15.89393, -0.5],
							"rotation": [-7.47178, -0.65182, -2.45744],
							"uv": {
								"north": {"uv": [41, 62], "uv_size": [1, 14]},
								"east": {"uv": [36, 44], "uv_size": [2.5, 14]},
								"south": {"uv": [42, 62], "uv_size": [1, 14]},
								"west": {"uv": [39, 44], "uv_size": [2.5, 14]},
								"up": {"uv": [18, 70], "uv_size": [1, 2.5]},
								"down": {"uv": [19, 72.5], "uv_size": [1, -2.5]}
							}
						},
						{
							"origin": [-4.79, 5.39393, -2.082],
							"size": [1.08, 14, 2.25],
							"pivot": [-0.25, 15.89393, -0.5],
							"rotation": [-7.47178, 0.65182, 2.45744],
							"uv": {
								"north": {"uv": [34, 61], "uv_size": [1, 14]},
								"east": {"uv": [42, 0], "uv_size": [2.5, 14]},
								"south": {"uv": [47, 61], "uv_size": [1, 14]},
								"west": {"uv": [42, 14], "uv_size": [2.5, 14]},
								"up": {"uv": [22, 51], "uv_size": [1, 2.5]},
								"down": {"uv": [11, 72.5], "uv_size": [1, -2.5]}
							}
						}
					]
				},
				{
					"name": "ShenTiBack",
					"parent": "Skirt",
					"pivot": [0, 20, 1],
					"cubes": [
						{
							"origin": [-4.54, 5.39393, 1.582],
							"size": [9.08, 14, 1.336],
							"pivot": [0, 15.89393, 0.5],
							"rotation": [7.5, 0, 0],
							"uv": {
								"north": {"uv": [18, 0], "uv_size": [-9, 14]},
								"east": {"uv": [9.5, 56], "uv_size": [-1.5, 14]},
								"south": {"uv": [9, 0], "uv_size": [-9, 14]},
								"west": {"uv": [11.5, 56], "uv_size": [-1.5, 14]},
								"up": {"uv": [58, 63.5], "uv_size": [9, -1.5]},
								"down": {"uv": [64, 0], "uv_size": [9, 1.5]}
							}
						},
						{
							"origin": [-4.79, 5.39393, -0.168],
							"size": [1.08, 14, 2.25],
							"pivot": [-0.25, 15.89393, 0.5],
							"rotation": [7.47178, -0.65182, 2.45744],
							"uv": {
								"north": {"uv": [39, 62], "uv_size": [1, 14]},
								"east": {"uv": [42, 28], "uv_size": [2.5, 14]},
								"south": {"uv": [40, 62], "uv_size": [1, 14]},
								"west": {"uv": [42, 42], "uv_size": [2.5, 14]},
								"up": {"uv": [16, 70], "uv_size": [1, 2.5]},
								"down": {"uv": [17, 72.5], "uv_size": [1, -2.5]}
							}
						},
						{
							"origin": [3.71, 5.39393, -0.168],
							"size": [1.08, 14, 2.25],
							"pivot": [0.25, 15.89393, 0.5],
							"rotation": [7.47178, 0.65182, -2.45744],
							"uv": {
								"north": {"uv": [56, 62], "uv_size": [1, 14]},
								"east": {"uv": [45, 0], "uv_size": [2.5, 14]},
								"south": {"uv": [57, 62], "uv_size": [1, 14]},
								"west": {"uv": [45, 14], "uv_size": [2.5, 14]},
								"up": {"uv": [70, 25], "uv_size": [1, 2.5]},
								"down": {"uv": [70, 30.5], "uv_size": [1, -2.5]}
							}
						}
					]
				},
				{
					"name": "RightLeg",
					"parent": "DownBody",
					"pivot": [-2.3, 20.95, -1],
					"rotation": [0, 0, 2.5],
					"cubes": [
						{
							"origin": [-3.925, 11.7, -2.025],
							"size": [3.9, 8, 3.8],
							"uv": {
								"north": {"uv": [12, 46], "uv_size": [4, 8]},
								"east": {"uv": [23, 46], "uv_size": [4, 8]},
								"south": {"uv": [27, 46], "uv_size": [4, 8]},
								"west": {"uv": [45, 46], "uv_size": [4, 8]},
								"up": {"uv": [0, 60], "uv_size": [4, 4]},
								"down": {"uv": [60, 4], "uv_size": [4, -4]}
							}
						},
						{
							"origin": [-3.925, 11.96886, 0.77546],
							"size": [3.9, 3.62658, 1.81039],
							"inflate": -0.005,
							"pivot": [-1.975, 11.09544, 2.67546],
							"rotation": [57.5, 0, 0],
							"uv": {
								"north": {"uv": [43, 61], "uv_size": [4, 3.5]},
								"east": {"uv": [54, 67], "uv_size": [2, 3.5]},
								"south": {"uv": [61, 49], "uv_size": [4, 3.5]},
								"west": {"uv": [0, 69], "uv_size": [2, 3.5]},
								"up": {"uv": [4, 67], "uv_size": [4, 2]},
								"down": {"uv": [26, 69], "uv_size": [4, -2]}
							}
						}
					]
				},
				{
					"name": "RightLowerLeg",
					"parent": "RightLeg",
					"pivot": [-2.1, 12.25, 0.2],
					"cubes": [
						{
							"origin": [-3.9, 2.55, -1.65],
							"size": [3.85, 10, 3.5],
							"uv": {
								"north": {"uv": [34, 15], "uv_size": [4, 10]},
								"east": {"uv": [38, 15], "uv_size": [3.5, 10]},
								"south": {"uv": [17, 35], "uv_size": [4, 10]},
								"west": {"uv": [0, 39], "uv_size": [3.5, 10]},
								"up": {"uv": [61, 53], "uv_size": [4, 3.5]},
								"down": {"uv": [62, 11.5], "uv_size": [4, -3.5]}
							}
						}
					]
				},
				{
					"name": "RightFoot",
					"parent": "RightLowerLeg",
					"pivot": [-2.0875, 2.8, -0.3625],
					"cubes": [
						{
							"origin": [-3.625, 0.375, -4.125],
							"size": [3.325, 2.5, 5.75],
							"uv": {
								"north": {"uv": [66, 34], "uv_size": [3.5, 2.5]},
								"east": {"uv": [51, 43], "uv_size": [6, 2.5]},
								"south": {"uv": [35, 66], "uv_size": [3.5, 2.5]},
								"west": {"uv": [61, 40], "uv_size": [6, 2.5]},
								"up": {"uv": [52, 18], "uv_size": [3.5, 6]},
								"down": {"uv": [48, 60], "uv_size": [3.5, -6]}
							}
						},
						{
							"origin": [-3.125, 1.52249, -2.73224],
							"size": [2.325, 3, 0.5],
							"pivot": [-1.9625, 3.02249, -2.48224],
							"rotation": [-75, 0, 0],
							"uv": {
								"north": {"uv": [68, 19], "uv_size": [2.5, 3]},
								"east": {"uv": [10, 71], "uv_size": [0.5, 3]},
								"south": {"uv": [68, 22], "uv_size": [2.5, 3]},
								"west": {"uv": [14, 71], "uv_size": [0.5, 3]},
								"up": {"uv": [71, 37], "uv_size": [2.5, 0.5]},
								"down": {"uv": [71, 38.5], "uv_size": [2.5, -0.5]}
							}
						}
					]
				},
				{
					"name": "LeftLeg",
					"parent": "DownBody",
					"pivot": [2.3, 20.95, -1],
					"rotation": [0, 0, -2.5],
					"cubes": [
						{
							"origin": [0.025, 11.7, -2.025],
							"size": [3.9, 8, 3.8],
							"uv": {
								"north": {"uv": [31, 47], "uv_size": [4, 8]},
								"east": {"uv": [48, 0], "uv_size": [4, 8]},
								"south": {"uv": [48, 8], "uv_size": [4, 8]},
								"west": {"uv": [48, 16], "uv_size": [4, 8]},
								"up": {"uv": [4, 60], "uv_size": [4, 4]},
								"down": {"uv": [60, 8], "uv_size": [4, -4]}
							}
						},
						{
							"origin": [0.025, 11.96886, 0.77546],
							"size": [3.9, 3.62658, 1.81039],
							"inflate": -0.005,
							"pivot": [1.975, 11.09544, 2.67546],
							"rotation": [57.5, 0, 0],
							"uv": {
								"north": {"uv": [62, 12], "uv_size": [4, 3.5]},
								"east": {"uv": [2, 69], "uv_size": [2, 3.5]},
								"south": {"uv": [62, 26], "uv_size": [4, 3.5]},
								"west": {"uv": [4, 69], "uv_size": [2, 3.5]},
								"up": {"uv": [30, 67], "uv_size": [4, 2]},
								"down": {"uv": [67, 42], "uv_size": [4, -2]}
							}
						}
					]
				},
				{
					"name": "LeftLowerLeg",
					"parent": "LeftLeg",
					"pivot": [2.1, 12.25, 0.2],
					"cubes": [
						{
							"origin": [0.05, 2.55, -1.65],
							"size": [3.85, 10, 3.5],
							"uv": {
								"north": {"uv": [21, 35], "uv_size": [4, 10]},
								"east": {"uv": [4, 39], "uv_size": [3.5, 10]},
								"south": {"uv": [32, 37], "uv_size": [4, 10]},
								"west": {"uv": [8, 39], "uv_size": [3.5, 10]},
								"up": {"uv": [62, 30], "uv_size": [4, 3.5]},
								"down": {"uv": [62, 37.5], "uv_size": [4, -3.5]}
							}
						}
					]
				},
				{
					"name": "LeftFoot",
					"parent": "LeftLowerLeg",
					"pivot": [2.0875, 2.8, -0.3625],
					"cubes": [
						{
							"origin": [0.3, 0.375, -4.125],
							"size": [3.325, 2.5, 5.75],
							"uv": {
								"north": {"uv": [58, 66], "uv_size": [3.5, 2.5]},
								"east": {"uv": [61, 43], "uv_size": [6, 2.5]},
								"south": {"uv": [66, 64], "uv_size": [3.5, 2.5]},
								"west": {"uv": [61, 46], "uv_size": [6, 2.5]},
								"up": {"uv": [52, 54], "uv_size": [3.5, 6]},
								"down": {"uv": [31, 61], "uv_size": [3.5, -6]}
							}
						},
						{
							"origin": [0.8, 1.52249, -2.73224],
							"size": [2.325, 3, 0.5],
							"pivot": [1.9625, 3.02249, -2.48224],
							"rotation": [-75, 0, 0],
							"uv": {
								"north": {"uv": [43, 68], "uv_size": [2.5, 3]},
								"east": {"uv": [71, 16], "uv_size": [0.5, 3]},
								"south": {"uv": [68, 49], "uv_size": [2.5, 3]},
								"west": {"uv": [71, 19], "uv_size": [0.5, 3]},
								"up": {"uv": [71, 40], "uv_size": [2.5, 0.5]},
								"down": {"uv": [71, 41.5], "uv_size": [2.5, -0.5]}
							}
						}
					]
				}
			]
		}
	]
}