{
	"format_version": "1.12.0",
	"minecraft:geometry": [
		{
			"description": {
				"identifier": "geometry.unknown",
				"texture_width": 256,
				"texture_height": 256,
				"visible_bounds_width": 4,
				"visible_bounds_height": 4.5,
				"visible_bounds_offset": [0, 1.75, 0]
			},
			"bones": [
				{
					"name": "RightArm",
					"pivot": [-1.4, 29.025, 0],
					"cubes": [
						{
							"origin": [-3.925, 27.4, -1.67187],
							"size": [3.05, 2.6, 3.34375],
							"pivot": [-2.125, 29.075, 0],
							"rotation": [0, 0, -32.25],
							"uv": {
								"north": {"uv": [58, 93], "uv_size": [3, 3]},
								"east": {"uv": [64, 93], "uv_size": [3, 3]},
								"south": {"uv": [93, 64], "uv_size": [3, 3]},
								"west": {"uv": [67, 93], "uv_size": [3, 3]},
								"up": {"uv": [93, 78], "uv_size": [3, 3]},
								"down": {"uv": [93, 84], "uv_size": [3, -3]}
							}
						},
						{
							"origin": [-3.7, 22.9, -1.7],
							"size": [3.25, 5.3, 3.4],
							"uv": {
								"north": {"uv": [67, 82], "uv_size": [3, 5]},
								"east": {"uv": [83, 4], "uv_size": [3, 5]},
								"south": {"uv": [17, 83], "uv_size": [3, 5]},
								"west": {"uv": [36, 83], "uv_size": [3, 5]},
								"up": {"uv": [94, 60], "uv_size": [3, 3]},
								"down": {"uv": [94, 76], "uv_size": [3, -3]}
							}
						},
						{
							"origin": [-3.45, 22.175, -1.1],
							"size": [2.55, 2, 2.2],
							"uv": {
								"north": {"uv": [4, 98], "uv_size": [3, 2]},
								"east": {"uv": [46, 103], "uv_size": [2, 2]},
								"south": {"uv": [98, 4], "uv_size": [3, 2]},
								"west": {"uv": [103, 48], "uv_size": [2, 2]},
								"up": {"uv": [98, 6], "uv_size": [3, 2]},
								"down": {"uv": [98, 12], "uv_size": [3, -2]}
							}
						},
						{
							"origin": [-3.5, 22.125, -1.125],
							"size": [2.7, 2.05, 2.3],
							"uv": {
								"north": {"uv": [98, 17], "uv_size": [3, 2]},
								"east": {"uv": [103, 50], "uv_size": [2, 2]},
								"south": {"uv": [98, 37], "uv_size": [3, 2]},
								"west": {"uv": [103, 52], "uv_size": [2, 2]},
								"up": {"uv": [98, 39], "uv_size": [3, 2]},
								"down": {"uv": [98, 43], "uv_size": [3, -2]}
							}
						}
					]
				},
				{
					"name": "RightForeArm",
					"parent": "RightArm",
					"pivot": [-2.125, 23.075, 0.025],
					"cubes": [
						{
							"origin": [-3.725, 18.375, -1.825],
							"size": [3.45, 5, 3.7],
							"inflate": 0.005,
							"uv": {
								"north": {"uv": [54, 82], "uv_size": [3, 5]},
								"east": {"uv": [74, 31], "uv_size": [4, 5]},
								"south": {"uv": [64, 82], "uv_size": [3, 5]},
								"west": {"uv": [74, 36], "uv_size": [4, 5]},
								"up": {"uv": [84, 79], "uv_size": [3, 4]},
								"down": {"uv": [85, 20], "uv_size": [3, -4]}
							}
						},
						{
							"origin": [-4.04922, 18.17123, -1.825],
							"size": [0.66529, 4.94596, 3.7],
							"pivot": [-2, 20.875, 0.025],
							"rotation": [0, 0, 7.5],
							"uv": {
								"north": {"uv": [97, 101], "uv_size": [1, 5]},
								"east": {"uv": [77, 46], "uv_size": [4, 5]},
								"south": {"uv": [98, 101], "uv_size": [1, 5]},
								"west": {"uv": [77, 51], "uv_size": [4, 5]},
								"up": {"uv": [93, 106], "uv_size": [1, 4]},
								"down": {"uv": [94, 110], "uv_size": [1, -4]}
							}
						},
						{
							"origin": [-0.6301, 18.18075, -1.825],
							"size": [0.6653, 4.94596, 3.7],
							"pivot": [-2.01402, 20.88452, 0.025],
							"rotation": [0, 0, -7.5],
							"uv": {
								"north": {"uv": [99, 101], "uv_size": [1, 5]},
								"east": {"uv": [77, 56], "uv_size": [4, 5]},
								"south": {"uv": [101, 100], "uv_size": [1, 5]},
								"west": {"uv": [64, 77], "uv_size": [4, 5]},
								"up": {"uv": [97, 106], "uv_size": [1, 4]},
								"down": {"uv": [98, 110], "uv_size": [1, -4]}
							}
						}
					]
				},
				{
					"name": "RightHand",
					"parent": "RightForeArm",
					"pivot": [-2.125, 19.4375, 0.025],
					"cubes": [
						{
							"origin": [-3.625, 15.975, -1.475],
							"size": [3, 3, 3],
							"uv": {
								"north": {"uv": [93, 86], "uv_size": [3, 3]},
								"east": {"uv": [91, 93], "uv_size": [3, 3]},
								"south": {"uv": [12, 94], "uv_size": [3, 3]},
								"west": {"uv": [15, 94], "uv_size": [3, 3]},
								"up": {"uv": [94, 27], "uv_size": [3, 3]},
								"down": {"uv": [94, 33], "uv_size": [3, -3]}
							}
						}
					]
				},
				{
					"name": "LeftArm",
					"pivot": [1.4, 29.025, 0],
					"cubes": [
						{
							"origin": [0.9, 22.175, -1.1],
							"size": [2.55, 2, 2.2],
							"uv": {
								"north": {"uv": [97, 60], "uv_size": [3, 2]},
								"east": {"uv": [102, 23], "uv_size": [2, 2]},
								"south": {"uv": [97, 73], "uv_size": [3, 2]},
								"west": {"uv": [102, 77], "uv_size": [2, 2]},
								"up": {"uv": [83, 97], "uv_size": [3, 2]},
								"down": {"uv": [97, 91], "uv_size": [3, -2]}
							}
						},
						{
							"origin": [0.875, 27.4, -1.67187],
							"size": [3.05, 2.6, 3.34375],
							"pivot": [2.125, 29.075, 0],
							"rotation": [0, 0, 32.25],
							"uv": {
								"north": {"uv": [92, 17], "uv_size": [3, 3]},
								"east": {"uv": [76, 92], "uv_size": [3, 3]},
								"south": {"uv": [21, 93], "uv_size": [3, 3]},
								"west": {"uv": [30, 93], "uv_size": [3, 3]},
								"up": {"uv": [33, 93], "uv_size": [3, 3]},
								"down": {"uv": [93, 36], "uv_size": [3, -3]}
							}
						},
						{
							"origin": [0.45, 22.9, -1.7],
							"size": [3.25, 5.3, 3.4],
							"uv": {
								"north": {"uv": [70, 78], "uv_size": [3, 5]},
								"east": {"uv": [73, 81], "uv_size": [3, 5]},
								"south": {"uv": [81, 73], "uv_size": [3, 5]},
								"west": {"uv": [76, 81], "uv_size": [3, 5]},
								"up": {"uv": [40, 93], "uv_size": [3, 3]},
								"down": {"uv": [93, 45], "uv_size": [3, -3]}
							}
						},
						{
							"origin": [0.8, 22.125, -1.125],
							"size": [2.7, 2.05, 2.3],
							"uv": {
								"north": {"uv": [97, 93], "uv_size": [3, 2]},
								"east": {"uv": [103, 4], "uv_size": [2, 2]},
								"south": {"uv": [97, 95], "uv_size": [3, 2]},
								"west": {"uv": [103, 19], "uv_size": [2, 2]},
								"up": {"uv": [97, 97], "uv_size": [3, 2]},
								"down": {"uv": [98, 4], "uv_size": [3, -2]}
							}
						}
					]
				},
				{
					"name": "LeftForeArm",
					"parent": "LeftArm",
					"pivot": [2.125, 23.075, 0.025],
					"cubes": [
						{
							"origin": [0.275, 18.375, -1.825],
							"size": [3.45, 5, 3.7],
							"inflate": 0.005,
							"uv": {
								"north": {"uv": [81, 78], "uv_size": [3, 5]},
								"east": {"uv": [72, 61], "uv_size": [4, 5]},
								"south": {"uv": [82, 16], "uv_size": [3, 5]},
								"west": {"uv": [64, 72], "uv_size": [4, 5]},
								"up": {"uv": [13, 84], "uv_size": [3, 4]},
								"down": {"uv": [30, 88], "uv_size": [3, -4]}
							}
						},
						{
							"origin": [-0.0352, 18.18075, -1.825],
							"size": [0.6653, 4.94596, 3.7],
							"pivot": [2.01402, 20.88452, 0.025],
							"rotation": [0, 0, 7.5],
							"uv": {
								"north": {"uv": [8, 102], "uv_size": [1, 5]},
								"east": {"uv": [17, 78], "uv_size": [4, 5]},
								"south": {"uv": [10, 102], "uv_size": [1, 5]},
								"west": {"uv": [78, 18], "uv_size": [4, 5]},
								"up": {"uv": [103, 106], "uv_size": [1, 4]},
								"down": {"uv": [104, 110], "uv_size": [1, -4]}
							}
						},
						{
							"origin": [3.38393, 18.17123, -1.825],
							"size": [0.66529, 4.94596, 3.7],
							"pivot": [2, 20.875, 0.025],
							"rotation": [0, 0, -7.5],
							"uv": {
								"north": {"uv": [102, 2], "uv_size": [1, 5]},
								"east": {"uv": [77, 71], "uv_size": [4, 5]},
								"south": {"uv": [7, 102], "uv_size": [1, 5]},
								"west": {"uv": [77, 76], "uv_size": [4, 5]},
								"up": {"uv": [99, 106], "uv_size": [1, 4]},
								"down": {"uv": [106, 106], "uv_size": [1, -4]}
							}
						}
					]
				},
				{
					"name": "LeftHand",
					"parent": "LeftForeArm",
					"pivot": [2.125, 19.4375, 0.025],
					"cubes": [
						{
							"origin": [0.625, 15.975, -1.475],
							"size": [3, 3, 3],
							"uv": {
								"north": {"uv": [43, 93], "uv_size": [3, 3]},
								"east": {"uv": [93, 45], "uv_size": [3, 3]},
								"south": {"uv": [46, 93], "uv_size": [3, 3]},
								"west": {"uv": [93, 48], "uv_size": [3, 3]},
								"up": {"uv": [49, 93], "uv_size": [3, 3]},
								"down": {"uv": [54, 96], "uv_size": [3, -3]}
							}
						}
					]
				}
			]
		}
	]
}