{
	"format_version": "1.12.0",
	"minecraft:geometry": [
		{
			"description": {
				"identifier": "geometry.unknown",
				"texture_width": 128,
				"texture_height": 128,
				"visible_bounds_width": 4,
				"visible_bounds_height": 4.5,
				"visible_bounds_offset": [0, 1.75, 0]
			},
			"bones": [
				{
					"name": "Root",
					"pivot": [0, 0, 0]
				},
				{
					"name": "UpBody",
					"parent": "Root",
					"pivot": [0, 12, 0],
					"cubes": [
						{
							"origin": [-5, 10, -2],
							"size": [10, 14, 4],
							"uv": {
								"north": {"uv": [15, 0], "uv_size": [10, 14]},
								"east": {"uv": [43, 0], "uv_size": [4, 14]},
								"south": {"uv": [15, 14], "uv_size": [10, 14]},
								"west": {"uv": [8, 44], "uv_size": [4, 14]},
								"up": {"uv": [52, 12], "uv_size": [10, 4]},
								"down": {"uv": [52, 20], "uv_size": [10, -4]}
							}
						},
						{
							"origin": [-5, 12, -4],
							"size": [10, 6, 2],
							"uv": {
								"north": {"uv": [40, 36], "uv_size": [10, 6]},
								"east": {"uv": [25, 54], "uv_size": [2, 6]},
								"south": {"uv": [42, 24], "uv_size": [10, 6]},
								"west": {"uv": [16, 57], "uv_size": [2, 6]},
								"up": {"uv": [56, 24], "uv_size": [10, 2]},
								"down": {"uv": [56, 28], "uv_size": [10, -2]}
							}
						}
					]
				},
				{
					"name": "Head",
					"parent": "UpBody",
					"pivot": [0, 23, 0],
					"cubes": [
						{
							"origin": [-4, 23, -4],
							"size": [8, 8, 8],
							"uv": {
								"north": {"uv": [10, 28], "uv_size": [8, 8]},
								"east": {"uv": [18, 28], "uv_size": [8, 8]},
								"south": {"uv": [26, 28], "uv_size": [8, 8]},
								"west": {"uv": [0, 34], "uv_size": [8, 8]},
								"up": {"uv": [34, 28], "uv_size": [8, 8]},
								"down": {"uv": [35, 8], "uv_size": [8, -8]}
							}
						},
						{
							"origin": [-4, 23, -4],
							"size": [8, 8, 8],
							"inflate": 0.25,
							"uv": {
								"north": {"uv": [35, 8], "uv_size": [8, 8]},
								"east": {"uv": [35, 16], "uv_size": [8, 8]},
								"south": {"uv": [8, 36], "uv_size": [8, 8]},
								"west": {"uv": [16, 36], "uv_size": [8, 8]},
								"up": {"uv": [24, 36], "uv_size": [8, 8]},
								"down": {"uv": [32, 44], "uv_size": [8, -8]}
							}
						}
					]
				},
				{
					"name": "GaijinHat",
					"parent": "Head",
					"pivot": [3.00005, 27.5, -3.925],
					"cubes": [
						{
							"origin": [-4, 32.5, -4.925],
							"size": [8, 6, 7],
							"inflate": 0.255,
							"pivot": [3, 27.5, -3.925],
							"rotation": [-32.5, 0, 0],
							"uv": {
								"north": {"uv": [47, 0], "uv_size": [8, 6]},
								"east": {"uv": [50, 30], "uv_size": [7, 6]},
								"south": {"uv": [47, 6], "uv_size": [8, 6]},
								"west": {"uv": [50, 36], "uv_size": [7, 6]},
								"up": {"uv": [0, 42], "uv_size": [8, 7]},
								"down": {"uv": [40, 49], "uv_size": [8, -7]}
							}
						},
						{
							"origin": [-4, 35.98226, -1.62632],
							"size": [1, 4, 1],
							"inflate": 0.25,
							"pivot": [-3.5, 39.48226, -1.12632],
							"rotation": [35, 0, 0],
							"uv": {
								"north": {"uv": [40, 24], "uv_size": [1, 4]},
								"east": {"uv": [41, 24], "uv_size": [1, 4]},
								"south": {"uv": [39, 44], "uv_size": [1, 4]},
								"west": {"uv": [47, 49], "uv_size": [1, 4]},
								"up": {"uv": [47, 12], "uv_size": [1, 1]},
								"down": {"uv": [47, 14], "uv_size": [1, -1]}
							}
						},
						{
							"origin": [3, 35.98226, -1.62632],
							"size": [1, 4, 1],
							"inflate": 0.25,
							"pivot": [3.5, 39.48226, -1.12632],
							"rotation": [35, 0, 0],
							"uv": {
								"north": {"uv": [18, 57], "uv_size": [1, 4]},
								"east": {"uv": [19, 57], "uv_size": [1, 4]},
								"south": {"uv": [57, 30], "uv_size": [1, 4]},
								"west": {"uv": [57, 34], "uv_size": [1, 4]},
								"up": {"uv": [39, 48], "uv_size": [1, 1]},
								"down": {"uv": [47, 54], "uv_size": [1, -1]}
							}
						},
						{
							"origin": [-5, 30.5, -5.925],
							"size": [10, 2, 9],
							"pivot": [3, 27.5, -3.925],
							"rotation": [-32.5, 0, 0],
							"uv": {
								"north": {"uv": [56, 20], "uv_size": [10, 2]},
								"east": {"uv": [56, 28], "uv_size": [9, 2]},
								"south": {"uv": [56, 22], "uv_size": [10, 2]},
								"west": {"uv": [56, 48], "uv_size": [9, 2]},
								"up": {"uv": [25, 10], "uv_size": [10, 9]},
								"down": {"uv": [25, 28], "uv_size": [10, -9]}
							}
						}
					]
				},
				{
					"name": "Mouth",
					"parent": "Head",
					"pivot": [0, 24.375, -3.65],
					"cubes": [
						{
							"origin": [-1.125, 23.8, -4.3],
							"size": [2.25, 1.15, 1.3],
							"uv": {
								"north": {"uv": [55, 11], "uv_size": [2.5, 1]},
								"east": {"uv": [22, 58], "uv_size": [1.5, 1]},
								"south": {"uv": [58, 11], "uv_size": [2.5, 1]},
								"west": {"uv": [58, 30], "uv_size": [1.5, 1]},
								"up": {"uv": [57, 38], "uv_size": [2.5, 1.5]},
								"down": {"uv": [57, 41.5], "uv_size": [2.5, -1.5]}
							}
						}
					]
				},
				{
					"name": "EyelidLeft",
					"parent": "Head",
					"pivot": [-1.925, 28.2, -3.4],
					"cubes": [
						{
							"origin": [-3.05, 27.925, -4.05],
							"size": [2.25, 0.55, 1.3],
							"uv": {
								"north": {"uv": [58, 31], "uv_size": [2, 0.5]},
								"east": {"uv": [58, 35], "uv_size": [1.5, 0.5]},
								"south": {"uv": [58, 32], "uv_size": [2, 0.5]},
								"west": {"uv": [58, 36], "uv_size": [1.5, 0.5]},
								"up": {"uv": [8, 34], "uv_size": [2, 1.5]},
								"down": {"uv": [8, 59.5], "uv_size": [2, -1.5]}
							}
						}
					]
				},
				{
					"name": "EyelidRight",
					"parent": "Head",
					"pivot": [1.925, 28.2, -3.4],
					"cubes": [
						{
							"origin": [0.8, 27.925, -4.05],
							"size": [2.25, 0.55, 1.3],
							"uv": {
								"north": {"uv": [58, 33], "uv_size": [2, 0.5]},
								"east": {"uv": [58, 37], "uv_size": [1.5, 0.5]},
								"south": {"uv": [58, 34], "uv_size": [2, 0.5]},
								"west": {"uv": [47, 58], "uv_size": [1.5, 0.5]},
								"up": {"uv": [10, 58], "uv_size": [2, 1.5]},
								"down": {"uv": [20, 59.5], "uv_size": [2, -1.5]}
							}
						}
					]
				},
				{
					"name": "RightArm",
					"parent": "UpBody",
					"pivot": [-6, 21, 0],
					"cubes": [
						{
							"origin": [-9, 11, -2],
							"size": [4, 12, 4],
							"uv": {
								"north": {"uv": [35, 44], "uv_size": [4, 12]},
								"east": {"uv": [48, 12], "uv_size": [4, 12]},
								"south": {"uv": [48, 42], "uv_size": [4, 12]},
								"west": {"uv": [0, 49], "uv_size": [4, 12]},
								"up": {"uv": [35, 56], "uv_size": [4, 4]},
								"down": {"uv": [56, 54], "uv_size": [4, -4]}
							}
						}
					]
				},
				{
					"name": "LeftArm",
					"parent": "UpBody",
					"pivot": [6, 21, 0],
					"cubes": [
						{
							"origin": [5, 11, -2],
							"size": [4, 12, 4],
							"uv": {
								"north": {"uv": [4, 49], "uv_size": [4, 12]},
								"east": {"uv": [39, 49], "uv_size": [4, 12]},
								"south": {"uv": [43, 49], "uv_size": [4, 12]},
								"west": {"uv": [27, 50], "uv_size": [4, 12]},
								"up": {"uv": [56, 54], "uv_size": [4, 4]},
								"down": {"uv": [12, 61], "uv_size": [4, -4]}
							}
						}
					]
				},
				{
					"name": "DownBody",
					"parent": "Root",
					"pivot": [0, 10, 0]
				},
				{
					"name": "LeftLeg",
					"parent": "DownBody",
					"pivot": [2.9, 12, 0],
					"cubes": [
						{
							"origin": [-0.1, 0, -2],
							"size": [5, 10, 4],
							"uv": {
								"north": {"uv": [43, 14], "uv_size": [5, 10]},
								"east": {"uv": [31, 50], "uv_size": [4, 10]},
								"south": {"uv": [12, 44], "uv_size": [5, 10]},
								"west": {"uv": [52, 20], "uv_size": [4, 10]},
								"up": {"uv": [10, 24], "uv_size": [5, 4]},
								"down": {"uv": [35, 28], "uv_size": [5, -4]}
							}
						}
					]
				},
				{
					"name": "RightLeg",
					"parent": "DownBody",
					"pivot": [-2.9, 12, 0],
					"cubes": [
						{
							"origin": [-4.9, 0, -2],
							"size": [5, 10, 4],
							"uv": {
								"north": {"uv": [17, 44], "uv_size": [5, 10]},
								"east": {"uv": [52, 42], "uv_size": [4, 10]},
								"south": {"uv": [22, 44], "uv_size": [5, 10]},
								"west": {"uv": [52, 52], "uv_size": [4, 10]},
								"up": {"uv": [20, 54], "uv_size": [5, 4]},
								"down": {"uv": [47, 58], "uv_size": [5, -4]}
							}
						}
					]
				}
			]
		}
	]
}