{
	"format_version": "1.12.0",
	"minecraft:geometry": [
		{
			"description": {
				"identifier": "geometry.unknown",
				"texture_width": 128,
				"texture_height": 128,
				"visible_bounds_width": 4,
				"visible_bounds_height": 3.5,
				"visible_bounds_offset": [0, 1.25, 0]
			},
			"bones": [
				{
					"name": "Root",
					"pivot": [0, 0, 0]
				},
				{
					"name": "UpBody",
					"parent": "Root",
					"pivot": [0, 7.2, 0],
					"cubes": [
						{
							"origin": [-3, 6, -1.2],
							"size": [6, 8.4, 2.4],
							"uv": {
								"north": {"uv": [15, 0], "uv_size": [10, 14]},
								"east": {"uv": [43, 0], "uv_size": [4, 14]},
								"south": {"uv": [15, 14], "uv_size": [10, 14]},
								"west": {"uv": [8, 44], "uv_size": [4, 14]},
								"up": {"uv": [52, 12], "uv_size": [10, 4]},
								"down": {"uv": [52, 20], "uv_size": [10, -4]}
							}
						},
						{
							"origin": [-3, 7.2, -2.4],
							"size": [6, 3.6, 1.2],
							"uv": {
								"north": {"uv": [40, 36], "uv_size": [10, 6]},
								"east": {"uv": [25, 54], "uv_size": [2, 6]},
								"south": {"uv": [42, 24], "uv_size": [10, 6]},
								"west": {"uv": [16, 57], "uv_size": [2, 6]},
								"up": {"uv": [56, 24], "uv_size": [10, 2]},
								"down": {"uv": [56, 28], "uv_size": [10, -2]}
							}
						}
					]
				},
				{
					"name": "Head",
					"parent": "UpBody",
					"pivot": [0, 13.8, 0],
					"cubes": [
						{
							"origin": [-3.6, 13.8, -3.6],
							"size": [7.2, 7.2, 7.2],
							"uv": {
								"north": {"uv": [10, 28], "uv_size": [8, 8]},
								"east": {"uv": [18, 28], "uv_size": [8, 8]},
								"south": {"uv": [26, 28], "uv_size": [8, 8]},
								"west": {"uv": [0, 34], "uv_size": [8, 8]},
								"up": {"uv": [34, 28], "uv_size": [8, 8]},
								"down": {"uv": [35, 8], "uv_size": [8, -8]}
							}
						},
						{
							"origin": [-3.575, 13.825, -3.575],
							"size": [7.15, 7.15, 7.15],
							"inflate": 0.25,
							"uv": {
								"north": {"uv": [35, 8], "uv_size": [8, 8]},
								"east": {"uv": [35, 16], "uv_size": [8, 8]},
								"south": {"uv": [8, 36], "uv_size": [8, 8]},
								"west": {"uv": [16, 36], "uv_size": [8, 8]},
								"up": {"uv": [24, 36], "uv_size": [8, 8]},
								"down": {"uv": [32, 44], "uv_size": [8, -8]}
							}
						}
					]
				},
				{
					"name": "XmasHat",
					"parent": "Head",
					"pivot": [2.70005, 17.4, -2.7],
					"cubes": [
						{
							"origin": [-3.575, 21.925, -3.575],
							"size": [7.15, 2.65, 5.35],
							"inflate": 0.25,
							"pivot": [2.7, 17.4, -2.7],
							"rotation": [-32.5, 0, 0],
							"uv": {
								"north": {"uv": [12, 54], "uv_size": [8, 3]},
								"east": {"uv": [56, 42], "uv_size": [6, 3]},
								"south": {"uv": [55, 0], "uv_size": [8, 3]},
								"west": {"uv": [56, 45], "uv_size": [6, 3]},
								"up": {"uv": [42, 30], "uv_size": [8, 6]},
								"down": {"uv": [27, 50], "uv_size": [8, -6]}
							}
						},
						{
							"origin": [-4.5, 20.1, -5.4],
							"size": [9, 1.8, 9],
							"pivot": [2.7, 17.4, -2.7],
							"rotation": [-32.5, 0, 0],
							"uv": {
								"north": {"uv": [55, 3], "uv_size": [10, 2]},
								"east": {"uv": [55, 5], "uv_size": [10, 2]},
								"south": {"uv": [55, 7], "uv_size": [10, 2]},
								"west": {"uv": [55, 9], "uv_size": [10, 2]},
								"up": {"uv": [0, 24], "uv_size": [10, 10]},
								"down": {"uv": [25, 10], "uv_size": [10, -10]}
							}
						},
						{
							"origin": [-0.00004, 17.4, -3.6],
							"size": [0.00009, 10.8, 13.5],
							"pivot": [2.70005, 17.4, -2.7],
							"rotation": [-32.5, 0, 0],
							"uv": {
								"north": {"uv": [0, 0], "uv_size": [0, 12]},
								"east": {"uv": [0, 0], "uv_size": [15, 12]},
								"south": {"uv": [0, 0], "uv_size": [0, 12]},
								"west": {"uv": [0, 12], "uv_size": [15, 12]},
								"up": {"uv": [0, 0], "uv_size": [0, 15]},
								"down": {"uv": [0, 15], "uv_size": [0, -15]}
							}
						}
					]
				},
				{
					"name": "Mouth",
					"parent": "Head",
					"pivot": [0, 15.0375, -3.285],
					"cubes": [
						{
							"origin": [-1.0125, 14.52, -3.87],
							"size": [2.025, 1.035, 1.17],
							"uv": {
								"north": {"uv": [55, 11], "uv_size": [2.5, 1]},
								"east": {"uv": [22, 58], "uv_size": [1.5, 1]},
								"south": {"uv": [58, 11], "uv_size": [2.5, 1]},
								"west": {"uv": [58, 30], "uv_size": [1.5, 1]},
								"up": {"uv": [57, 38], "uv_size": [2.5, 1.5]},
								"down": {"uv": [57, 41.5], "uv_size": [2.5, -1.5]}
							}
						}
					]
				},
				{
					"name": "EyelidLeft",
					"parent": "Head",
					"pivot": [-1.7325, 18.48, -3.06],
					"cubes": [
						{
							"origin": [-2.745, 18.2325, -3.645],
							"size": [2.025, 0.495, 1.17],
							"uv": {
								"north": {"uv": [58, 31], "uv_size": [2, 0.5]},
								"east": {"uv": [58, 35], "uv_size": [1.5, 0.5]},
								"south": {"uv": [58, 32], "uv_size": [2, 0.5]},
								"west": {"uv": [58, 36], "uv_size": [1.5, 0.5]},
								"up": {"uv": [8, 34], "uv_size": [2, 1.5]},
								"down": {"uv": [8, 59.5], "uv_size": [2, -1.5]}
							}
						}
					]
				},
				{
					"name": "EyelidRight",
					"parent": "Head",
					"pivot": [1.7325, 18.48, -3.06],
					"cubes": [
						{
							"origin": [0.72, 18.2325, -3.645],
							"size": [2.025, 0.495, 1.17],
							"uv": {
								"north": {"uv": [58, 33], "uv_size": [2, 0.5]},
								"east": {"uv": [58, 37], "uv_size": [1.5, 0.5]},
								"south": {"uv": [58, 34], "uv_size": [2, 0.5]},
								"west": {"uv": [47, 58], "uv_size": [1.5, 0.5]},
								"up": {"uv": [10, 58], "uv_size": [2, 1.5]},
								"down": {"uv": [20, 59.5], "uv_size": [2, -1.5]}
							}
						}
					]
				},
				{
					"name": "RightArm",
					"parent": "UpBody",
					"pivot": [-3.6, 12.6, 0],
					"cubes": [
						{
							"origin": [-5.4, 6.6, -1.2],
							"size": [2.4, 7.2, 2.4],
							"uv": {
								"north": {"uv": [35, 44], "uv_size": [4, 12]},
								"east": {"uv": [48, 12], "uv_size": [4, 12]},
								"south": {"uv": [48, 42], "uv_size": [4, 12]},
								"west": {"uv": [0, 49], "uv_size": [4, 12]},
								"up": {"uv": [35, 56], "uv_size": [4, 4]},
								"down": {"uv": [56, 54], "uv_size": [4, -4]}
							}
						}
					]
				},
				{
					"name": "LeftArm",
					"parent": "UpBody",
					"pivot": [3.6, 12.6, 0],
					"cubes": [
						{
							"origin": [3, 6.6, -1.2],
							"size": [2.4, 7.2, 2.4],
							"uv": {
								"north": {"uv": [4, 49], "uv_size": [4, 12]},
								"east": {"uv": [39, 49], "uv_size": [4, 12]},
								"south": {"uv": [43, 49], "uv_size": [4, 12]},
								"west": {"uv": [27, 50], "uv_size": [4, 12]},
								"up": {"uv": [56, 54], "uv_size": [4, 4]},
								"down": {"uv": [12, 61], "uv_size": [4, -4]}
							}
						}
					]
				},
				{
					"name": "DownBody",
					"parent": "Root",
					"pivot": [0, 6, 0]
				},
				{
					"name": "LeftLeg",
					"parent": "DownBody",
					"pivot": [1.74, 7.2, 0],
					"cubes": [
						{
							"origin": [-0.06, 0, -1.2],
							"size": [3, 6, 2.4],
							"uv": {
								"north": {"uv": [43, 14], "uv_size": [5, 10]},
								"east": {"uv": [31, 50], "uv_size": [4, 10]},
								"south": {"uv": [12, 44], "uv_size": [5, 10]},
								"west": {"uv": [52, 20], "uv_size": [4, 10]},
								"up": {"uv": [10, 24], "uv_size": [5, 4]},
								"down": {"uv": [35, 28], "uv_size": [5, -4]}
							}
						}
					]
				},
				{
					"name": "RightLeg",
					"parent": "DownBody",
					"pivot": [-1.74, 7.2, 0],
					"cubes": [
						{
							"origin": [-2.94, 0, -1.2],
							"size": [3, 6, 2.4],
							"uv": {
								"north": {"uv": [17, 44], "uv_size": [5, 10]},
								"east": {"uv": [52, 42], "uv_size": [4, 10]},
								"south": {"uv": [22, 44], "uv_size": [5, 10]},
								"west": {"uv": [52, 52], "uv_size": [4, 10]},
								"up": {"uv": [20, 54], "uv_size": [5, 4]},
								"down": {"uv": [47, 58], "uv_size": [5, -4]}
							}
						}
					]
				}
			]
		}
	]
}