{
	"pack_name": "{maid_pack.electricprod_otto.name}",
	"model_list": [
		{
			"model_id": "electricprod_otto:otto1",
			"use_sound_pack_id": "electricprod_otto",
			"description": ["{model.electricprod_otto.otto1.desc}"],
			"animation": [
				"touhou_little_maid:animation/maid/default/head/default.js",
				"touhou_little_maid:animation/maid/default/head/beg.js",
				"touhou_little_maid:animation/maid/default/head/music_shake.js",
				"touhou_little_maid:animation/maid/default/arm/default.js",
				"touhou_little_maid:animation/maid/default/arm/swing.js",
				"touhou_little_maid:animation/maid/default/leg/default.js",
				"touhou_little_maid:animation/maid/default/sit/default.js"
			],
			"render_entity_scale": 0.6
		},
		{
			"model_id": "electricprod_otto:otto",
			"description": ["{model.electricprod_otto.otto.desc}"],
			"use_sound_pack_id": "electricprod_otto",
			"animation": [],
			"render_entity_scale": 0.6
		}
	],
	"version": "1.0.0",
	"icon": "electricprod_otto:textures/maid_icon.png"
}