{
	"format_version": "1.12.0",
	"minecraft:geometry": [
		{
			"description": {
				"identifier": "geometry.unknown",
				"texture_width": 64,
				"texture_height": 64,
				"visible_bounds_width": 5,
				"visible_bounds_height": 4,
				"visible_bounds_offset": [0, 1, 0]
			},
			"bones": [
				{
					"name": "Root_1",
					"pivot": [0, 0, 0]
				},
				{
					"name": "Allbody_1",
					"parent": "Root_1",
					"pivot": [0, 2, -2]
				},
				{
					"name": "body_1",
					"parent": "Allbody_1",
					"pivot": [0, 1, -1.8]
				},
				{
					"name": "body_2",
					"parent": "body_1",
					"pivot": [0, 1.25, 5]
				},
				{
					"name": "ysmGlowBody_5",
					"parent": "body_2",
					"pivot": [0, 0, 0],
					"cubes": [
						{
							"origin": [-2, 0, -2],
							"size": [4, 4, 4],
							"uv": {
								"north": {"uv": [25, 10], "uv_size": [4, 4]},
								"east": {"uv": [15, 25], "uv_size": [4, 4]},
								"south": {"uv": [25, 15], "uv_size": [4, 4]},
								"west": {"uv": [20, 25], "uv_size": [4, 4]},
								"up": {"uv": [25, 20], "uv_size": [4, 4]},
								"down": {"uv": [25, 29], "uv_size": [4, -4]}
							}
						}
					]
				},
				{
					"name": "ysmGlowBody_6",
					"parent": "body_2",
					"pivot": [0, 0, 0],
					"cubes": [
						{
							"origin": [-2, 0, -2],
							"size": [4, 4, 4],
							"uv": {
								"north": {"uv": [25, 10], "uv_size": [4, 4]},
								"east": {"uv": [15, 25], "uv_size": [4, 4]},
								"south": {"uv": [25, 15], "uv_size": [4, 4]},
								"west": {"uv": [20, 25], "uv_size": [4, 4]},
								"up": {"uv": [25, 20], "uv_size": [4, 4]},
								"down": {"uv": [25, 29], "uv_size": [4, -4]}
							}
						}
					]
				},
				{
					"name": "ysmGlowBone_8",
					"parent": "body_2",
					"pivot": [0, 0, 0],
					"cubes": [
						{
							"origin": [-1, 7.68579, 0],
							"size": [2, 0, 1],
							"uv": {
								"up": {"uv": [35, 2], "uv_size": [2, 1]}
							}
						},
						{
							"origin": [-2, 7.27157, 0],
							"size": [2, 0, 1],
							"pivot": [-1, 6.27157, 1],
							"rotation": [0, 0, -45],
							"uv": {
								"west": {"uv": [40, 10], "uv_size": [1, 0]},
								"up": {"uv": [35, 4], "uv_size": [2, 1]}
							}
						},
						{
							"origin": [-4.87302, 5.96501, 0],
							"size": [4, 0, 1],
							"pivot": [-1.87302, 4.96501, 1],
							"rotation": [0, 0, -67.5],
							"uv": {
								"up": {"uv": [30, 14], "uv_size": [4, 1]}
							}
						},
						{
							"origin": [-4.69495, 2.16184, 0],
							"size": [1.75, 0, 1],
							"pivot": [-3.94495, 1.16184, 1],
							"rotation": [0, 0, -45],
							"uv": {
								"up": {"uv": [35, 6], "uv_size": [2, 1]}
							}
						},
						{
							"origin": [-5.18238, 0.33862, 0],
							"size": [0, 1, 1],
							"uv": {
								"east": {"uv": [20, 38], "uv_size": [1, 1]}
							}
						},
						{
							"origin": [-4.69495, 0.16184, 0],
							"size": [0, 1, 1],
							"pivot": [-3.94495, 0.16184, 1],
							"rotation": [0, 0, -45],
							"uv": {
								"east": {"uv": [38, 20], "uv_size": [1, 1]}
							}
						},
						{
							"origin": [0, 7.27157, 0],
							"size": [2, 0, 1],
							"pivot": [1, 6.27157, 1],
							"rotation": [0, 0, 45],
							"uv": {
								"east": {"uv": [40, 11], "uv_size": [1, 0]},
								"up": {"uv": [35, 8], "uv_size": [2, 1]}
							}
						},
						{
							"origin": [0.87302, 5.96501, 0],
							"size": [4, 0, 1],
							"pivot": [1.87302, 4.96501, 1],
							"rotation": [0, 0, 67.5],
							"uv": {
								"up": {"uv": [15, 30], "uv_size": [4, 1]}
							}
						},
						{
							"origin": [2.94495, 2.16184, 0],
							"size": [1.75, 0, 1],
							"pivot": [3.94495, 1.16184, 1],
							"rotation": [0, 0, 45],
							"uv": {
								"up": {"uv": [35, 10], "uv_size": [2, 1]}
							}
						},
						{
							"origin": [5.18238, 0.33862, 0],
							"size": [0, 1, 1],
							"uv": {
								"west": {"uv": [22, 38], "uv_size": [1, 1]}
							}
						},
						{
							"origin": [4.69495, 0.16184, 0],
							"size": [0, 1, 1],
							"pivot": [3.94495, 0.16184, 1],
							"rotation": [0, 0, 45],
							"uv": {
								"west": {"uv": [38, 22], "uv_size": [1, 1]}
							}
						},
						{
							"origin": [4.22699, -7.56976, 0],
							"size": [-0.00171, 8.95127, 1],
							"pivot": [3.47528, 0.38151, 1],
							"rotation": [0, 0, 90],
							"uv": {
								"west": {"uv": [2, 38], "uv_size": [1, 1]}
							}
						}
					]
				},
				{
					"name": "ysmGlowBone_9",
					"parent": "body_2",
					"pivot": [0, 0, 0],
					"cubes": [
						{
							"origin": [-1, 7.68579, 0],
							"size": [2, 0, 1],
							"uv": {
								"up": {"uv": [35, 12], "uv_size": [2, 1]}
							}
						},
						{
							"origin": [-2, 7.27157, 0],
							"size": [2, 0, 1],
							"pivot": [-1, 6.27157, 1],
							"rotation": [0, 0, -45],
							"uv": {
								"west": {"uv": [12, 40], "uv_size": [1, 0]},
								"up": {"uv": [35, 14], "uv_size": [2, 1]}
							}
						},
						{
							"origin": [-4.87302, 5.96501, 0],
							"size": [4, 0, 1],
							"pivot": [-1.87302, 4.96501, 1],
							"rotation": [0, 0, -67.5],
							"uv": {
								"up": {"uv": [30, 16], "uv_size": [4, 1]}
							}
						},
						{
							"origin": [-4.69495, 2.16184, 0],
							"size": [1.75, 0, 1],
							"pivot": [-3.94495, 1.16184, 1],
							"rotation": [0, 0, -45],
							"uv": {
								"up": {"uv": [35, 16], "uv_size": [2, 1]}
							}
						},
						{
							"origin": [-5.18238, 0.33862, 0],
							"size": [0, 1, 1],
							"uv": {
								"east": {"uv": [24, 38], "uv_size": [1, 1]}
							}
						},
						{
							"origin": [-4.69495, 0.16184, 0],
							"size": [0, 1, 1],
							"pivot": [-3.94495, 0.16184, 1],
							"rotation": [0, 0, -45],
							"uv": {
								"east": {"uv": [38, 24], "uv_size": [1, 1]}
							}
						},
						{
							"origin": [0, 7.27157, 0],
							"size": [2, 0, 1],
							"pivot": [1, 6.27157, 1],
							"rotation": [0, 0, 45],
							"uv": {
								"east": {"uv": [40, 12], "uv_size": [1, 0]},
								"up": {"uv": [35, 18], "uv_size": [2, 1]}
							}
						},
						{
							"origin": [0.87302, 5.96501, 0],
							"size": [4, 0, 1],
							"pivot": [1.87302, 4.96501, 1],
							"rotation": [0, 0, 67.5],
							"uv": {
								"up": {"uv": [30, 18], "uv_size": [4, 1]}
							}
						},
						{
							"origin": [2.94495, 2.16184, 0],
							"size": [1.75, 0, 1],
							"pivot": [3.94495, 1.16184, 1],
							"rotation": [0, 0, 45],
							"uv": {
								"up": {"uv": [35, 20], "uv_size": [2, 1]}
							}
						},
						{
							"origin": [5.18238, 0.33862, 0],
							"size": [0, 1, 1],
							"uv": {
								"west": {"uv": [26, 38], "uv_size": [1, 1]}
							}
						},
						{
							"origin": [4.69495, 0.16184, 0],
							"size": [0, 1, 1],
							"pivot": [3.94495, 0.16184, 1],
							"rotation": [0, 0, 45],
							"uv": {
								"west": {"uv": [38, 26], "uv_size": [1, 1]}
							}
						},
						{
							"origin": [4.22699, -7.56976, 0],
							"size": [-0.00171, 8.95127, 1],
							"pivot": [3.47528, 0.38151, 1],
							"rotation": [0, 0, 90],
							"uv": {
								"west": {"uv": [2, 38], "uv_size": [1, 1]}
							}
						}
					]
				},
				{
					"name": "ysmGlowBone_11",
					"parent": "ysmGlowBone_9",
					"pivot": [0, 0, 0],
					"cubes": [
						{
							"origin": [-1, 7.68579, 0],
							"size": [2, 0, 1],
							"uv": {
								"up": {"uv": [15, 36], "uv_size": [2, 1]}
							}
						},
						{
							"origin": [-2, 7.27157, 0],
							"size": [2, 0, 1],
							"pivot": [-1, 6.27157, 1],
							"rotation": [0, 0, -45],
							"uv": {
								"west": {"uv": [16, 40], "uv_size": [1, 0]},
								"up": {"uv": [18, 36], "uv_size": [2, 1]}
							}
						},
						{
							"origin": [-4.87302, 5.96501, 0],
							"size": [4, 0, 1],
							"pivot": [-1.87302, 4.96501, 1],
							"rotation": [0, 0, -67.5],
							"uv": {
								"up": {"uv": [25, 30], "uv_size": [4, 1]}
							}
						},
						{
							"origin": [-4.69495, 2.16184, 0],
							"size": [1.75, 0, 1],
							"pivot": [-3.94495, 1.16184, 1],
							"rotation": [0, 0, -45],
							"uv": {
								"up": {"uv": [21, 36], "uv_size": [2, 1]}
							}
						},
						{
							"origin": [-5.18238, 0.33862, 0],
							"size": [0, 1, 1],
							"uv": {
								"east": {"uv": [39, 32], "uv_size": [1, 1]}
							}
						},
						{
							"origin": [-4.69495, 0.16184, 0],
							"size": [0, 1, 1],
							"pivot": [-3.94495, 0.16184, 1],
							"rotation": [0, 0, -45],
							"uv": {
								"east": {"uv": [39, 34], "uv_size": [1, 1]}
							}
						},
						{
							"origin": [0, 7.27157, 0],
							"size": [2, 0, 1],
							"pivot": [1, 6.27157, 1],
							"rotation": [0, 0, 45],
							"uv": {
								"east": {"uv": [40, 16], "uv_size": [1, 0]},
								"up": {"uv": [24, 36], "uv_size": [2, 1]}
							}
						},
						{
							"origin": [0.87302, 5.96501, 0],
							"size": [4, 0, 1],
							"pivot": [1.87302, 4.96501, 1],
							"rotation": [0, 0, 67.5],
							"uv": {
								"up": {"uv": [30, 26], "uv_size": [4, 1]}
							}
						},
						{
							"origin": [2.94495, 2.16184, 0],
							"size": [1.75, 0, 1],
							"pivot": [3.94495, 1.16184, 1],
							"rotation": [0, 0, 45],
							"uv": {
								"up": {"uv": [27, 36], "uv_size": [2, 1]}
							}
						},
						{
							"origin": [5.18238, 0.33862, 0],
							"size": [0, 1, 1],
							"uv": {
								"west": {"uv": [39, 36], "uv_size": [1, 1]}
							}
						},
						{
							"origin": [4.69495, 0.16184, 0],
							"size": [0, 1, 1],
							"pivot": [3.94495, 0.16184, 1],
							"rotation": [0, 0, 45],
							"uv": {
								"west": {"uv": [0, 40], "uv_size": [1, 1]}
							}
						},
						{
							"origin": [4.22699, -7.56976, 0],
							"size": [-0.00171, 8.95127, 1],
							"pivot": [3.47528, 0.38151, 1],
							"rotation": [0, 0, 90],
							"uv": {
								"west": {"uv": [2, 38], "uv_size": [1, 1]}
							}
						}
					]
				},
				{
					"name": "ysmGlowBone_12",
					"parent": "body_2",
					"pivot": [0, 0, 0],
					"cubes": [
						{
							"origin": [-1, 7.68579, 0],
							"size": [2, 0, 1],
							"uv": {
								"up": {"uv": [35, 22], "uv_size": [2, 1]}
							}
						},
						{
							"origin": [-2, 7.27157, 0],
							"size": [2, 0, 1],
							"pivot": [-1, 6.27157, 1],
							"rotation": [0, 0, -45],
							"uv": {
								"west": {"uv": [40, 13], "uv_size": [1, 0]},
								"up": {"uv": [35, 24], "uv_size": [2, 1]}
							}
						},
						{
							"origin": [-4.87302, 5.96501, 0],
							"size": [4, 0, 1],
							"pivot": [-1.87302, 4.96501, 1],
							"rotation": [0, 0, -67.5],
							"uv": {
								"up": {"uv": [20, 30], "uv_size": [4, 1]}
							}
						},
						{
							"origin": [-4.69495, 2.16184, 0],
							"size": [1.75, 0, 1],
							"pivot": [-3.94495, 1.16184, 1],
							"rotation": [0, 0, -45],
							"uv": {
								"up": {"uv": [35, 26], "uv_size": [2, 1]}
							}
						},
						{
							"origin": [-5.18238, 0.33862, 0],
							"size": [0, 1, 1],
							"uv": {
								"east": {"uv": [28, 38], "uv_size": [1, 1]}
							}
						},
						{
							"origin": [-4.69495, 0.16184, 0],
							"size": [0, 1, 1],
							"pivot": [-3.94495, 0.16184, 1],
							"rotation": [0, 0, -45],
							"uv": {
								"east": {"uv": [38, 28], "uv_size": [1, 1]}
							}
						},
						{
							"origin": [0, 7.27157, 0],
							"size": [2, 0, 1],
							"pivot": [1, 6.27157, 1],
							"rotation": [0, 0, 45],
							"uv": {
								"east": {"uv": [14, 40], "uv_size": [1, 0]},
								"up": {"uv": [35, 28], "uv_size": [2, 1]}
							}
						},
						{
							"origin": [0.87302, 5.96501, 0],
							"size": [4, 0, 1],
							"pivot": [1.87302, 4.96501, 1],
							"rotation": [0, 0, 67.5],
							"uv": {
								"up": {"uv": [30, 20], "uv_size": [4, 1]}
							}
						},
						{
							"origin": [2.94495, 2.16184, 0],
							"size": [1.75, 0, 1],
							"pivot": [3.94495, 1.16184, 1],
							"rotation": [0, 0, 45],
							"uv": {
								"up": {"uv": [35, 30], "uv_size": [2, 1]}
							}
						},
						{
							"origin": [5.18238, 0.33862, 0],
							"size": [0, 1, 1],
							"uv": {
								"west": {"uv": [30, 38], "uv_size": [1, 1]}
							}
						},
						{
							"origin": [4.69495, 0.16184, 0],
							"size": [0, 1, 1],
							"pivot": [3.94495, 0.16184, 1],
							"rotation": [0, 0, 45],
							"uv": {
								"west": {"uv": [38, 30], "uv_size": [1, 1]}
							}
						},
						{
							"origin": [4.22699, -7.56976, 0],
							"size": [-0.00171, 8.95127, 1],
							"pivot": [3.47528, 0.38151, 1],
							"rotation": [0, 0, 90],
							"uv": {
								"west": {"uv": [2, 38], "uv_size": [1, 1]}
							}
						}
					]
				},
				{
					"name": "ysmGlowBone_10",
					"parent": "ysmGlowBone_12",
					"pivot": [0, 0, 0],
					"cubes": [
						{
							"origin": [-1, 7.68579, 0],
							"size": [2, 0, 1],
							"uv": {
								"up": {"uv": [15, 36], "uv_size": [2, 1]}
							}
						},
						{
							"origin": [-2, 7.27157, 0],
							"size": [2, 0, 1],
							"pivot": [-1, 6.27157, 1],
							"rotation": [0, 0, -45],
							"uv": {
								"west": {"uv": [16, 40], "uv_size": [1, 0]},
								"up": {"uv": [18, 36], "uv_size": [2, 1]}
							}
						},
						{
							"origin": [-4.87302, 5.96501, 0],
							"size": [4, 0, 1],
							"pivot": [-1.87302, 4.96501, 1],
							"rotation": [0, 0, -67.5],
							"uv": {
								"up": {"uv": [25, 30], "uv_size": [4, 1]}
							}
						},
						{
							"origin": [-4.69495, 2.16184, 0],
							"size": [1.75, 0, 1],
							"pivot": [-3.94495, 1.16184, 1],
							"rotation": [0, 0, -45],
							"uv": {
								"up": {"uv": [21, 36], "uv_size": [2, 1]}
							}
						},
						{
							"origin": [-5.18238, 0.33862, 0],
							"size": [0, 1, 1],
							"uv": {
								"east": {"uv": [39, 32], "uv_size": [1, 1]}
							}
						},
						{
							"origin": [-4.69495, 0.16184, 0],
							"size": [0, 1, 1],
							"pivot": [-3.94495, 0.16184, 1],
							"rotation": [0, 0, -45],
							"uv": {
								"east": {"uv": [39, 34], "uv_size": [1, 1]}
							}
						},
						{
							"origin": [0, 7.27157, 0],
							"size": [2, 0, 1],
							"pivot": [1, 6.27157, 1],
							"rotation": [0, 0, 45],
							"uv": {
								"east": {"uv": [40, 16], "uv_size": [1, 0]},
								"up": {"uv": [24, 36], "uv_size": [2, 1]}
							}
						},
						{
							"origin": [0.87302, 5.96501, 0],
							"size": [4, 0, 1],
							"pivot": [1.87302, 4.96501, 1],
							"rotation": [0, 0, 67.5],
							"uv": {
								"up": {"uv": [30, 26], "uv_size": [4, 1]}
							}
						},
						{
							"origin": [2.94495, 2.16184, 0],
							"size": [1.75, 0, 1],
							"pivot": [3.94495, 1.16184, 1],
							"rotation": [0, 0, 45],
							"uv": {
								"up": {"uv": [27, 36], "uv_size": [2, 1]}
							}
						},
						{
							"origin": [5.18238, 0.33862, 0],
							"size": [0, 1, 1],
							"uv": {
								"west": {"uv": [39, 36], "uv_size": [1, 1]}
							}
						},
						{
							"origin": [4.69495, 0.16184, 0],
							"size": [0, 1, 1],
							"pivot": [3.94495, 0.16184, 1],
							"rotation": [0, 0, 45],
							"uv": {
								"west": {"uv": [0, 40], "uv_size": [1, 1]}
							}
						},
						{
							"origin": [4.22699, -7.56976, 0],
							"size": [-0.00171, 8.95127, 1],
							"pivot": [3.47528, 0.38151, 1],
							"rotation": [0, 0, 90],
							"uv": {
								"west": {"uv": [2, 38], "uv_size": [1, 1]}
							}
						}
					]
				},
				{
					"name": "ysmGlowBone_13",
					"parent": "body_2",
					"pivot": [0, 0, 0],
					"cubes": [
						{
							"origin": [-1, 7.68579, 0],
							"size": [2, 0, 1],
							"uv": {
								"up": {"uv": [0, 36], "uv_size": [2, 1]}
							}
						},
						{
							"origin": [-2, 7.27157, 0],
							"size": [2, 0, 1],
							"pivot": [-1, 6.27157, 1],
							"rotation": [0, 0, -45],
							"uv": {
								"west": {"uv": [40, 14], "uv_size": [1, 0]},
								"up": {"uv": [3, 36], "uv_size": [2, 1]}
							}
						},
						{
							"origin": [-4.87302, 5.96501, 0],
							"size": [4, 0, 1],
							"pivot": [-1.87302, 4.96501, 1],
							"rotation": [0, 0, -67.5],
							"uv": {
								"up": {"uv": [30, 22], "uv_size": [4, 1]}
							}
						},
						{
							"origin": [-4.69495, 2.16184, 0],
							"size": [1.75, 0, 1],
							"pivot": [-3.94495, 1.16184, 1],
							"rotation": [0, 0, -45],
							"uv": {
								"up": {"uv": [6, 36], "uv_size": [2, 1]}
							}
						},
						{
							"origin": [-5.18238, 0.33862, 0],
							"size": [0, 1, 1],
							"uv": {
								"east": {"uv": [32, 38], "uv_size": [1, 1]}
							}
						},
						{
							"origin": [-4.69495, 0.16184, 0],
							"size": [0, 1, 1],
							"pivot": [-3.94495, 0.16184, 1],
							"rotation": [0, 0, -45],
							"uv": {
								"east": {"uv": [34, 38], "uv_size": [1, 1]}
							}
						},
						{
							"origin": [0, 7.27157, 0],
							"size": [2, 0, 1],
							"pivot": [1, 6.27157, 1],
							"rotation": [0, 0, 45],
							"uv": {
								"east": {"uv": [40, 15], "uv_size": [1, 0]},
								"up": {"uv": [9, 36], "uv_size": [2, 1]}
							}
						},
						{
							"origin": [0.87302, 5.96501, 0],
							"size": [4, 0, 1],
							"pivot": [1.87302, 4.96501, 1],
							"rotation": [0, 0, 67.5],
							"uv": {
								"up": {"uv": [30, 24], "uv_size": [4, 1]}
							}
						},
						{
							"origin": [2.94495, 2.16184, 0],
							"size": [1.75, 0, 1],
							"pivot": [3.94495, 1.16184, 1],
							"rotation": [0, 0, 45],
							"uv": {
								"up": {"uv": [12, 36], "uv_size": [2, 1]}
							}
						},
						{
							"origin": [5.18238, 0.33862, 0],
							"size": [0, 1, 1],
							"uv": {
								"west": {"uv": [36, 38], "uv_size": [1, 1]}
							}
						},
						{
							"origin": [4.69495, 0.16184, 0],
							"size": [0, 1, 1],
							"pivot": [3.94495, 0.16184, 1],
							"rotation": [0, 0, 45],
							"uv": {
								"west": {"uv": [38, 38], "uv_size": [1, 1]}
							}
						},
						{
							"origin": [4.22699, -7.56976, 0],
							"size": [-0.00171, 8.95127, 1],
							"pivot": [3.47528, 0.38151, 1],
							"rotation": [0, 0, 90],
							"uv": {
								"west": {"uv": [2, 38], "uv_size": [1, 1]}
							}
						}
					]
				},
				{
					"name": "ysmGlowBody_3",
					"parent": "body_1",
					"pivot": [0, 0, 0],
					"cubes": [
						{
							"origin": [-2, 0, -2],
							"size": [4, 4, 4],
							"uv": {
								"north": {"uv": [25, 10], "uv_size": [4, 4]},
								"east": {"uv": [15, 25], "uv_size": [4, 4]},
								"south": {"uv": [25, 15], "uv_size": [4, 4]},
								"west": {"uv": [20, 25], "uv_size": [4, 4]},
								"up": {"uv": [25, 20], "uv_size": [4, 4]},
								"down": {"uv": [25, 29], "uv_size": [4, -4]}
							}
						}
					]
				},
				{
					"name": "ysmGlowBody_4",
					"parent": "body_1",
					"pivot": [0, 0, 0],
					"cubes": [
						{
							"origin": [-2, 0, -2],
							"size": [4, 4, 4],
							"uv": {
								"north": {"uv": [25, 10], "uv_size": [4, 4]},
								"east": {"uv": [15, 25], "uv_size": [4, 4]},
								"south": {"uv": [25, 15], "uv_size": [4, 4]},
								"west": {"uv": [20, 25], "uv_size": [4, 4]},
								"up": {"uv": [25, 20], "uv_size": [4, 4]},
								"down": {"uv": [25, 29], "uv_size": [4, -4]}
							}
						}
					]
				},
				{
					"name": "ysmGlowBody_2",
					"parent": "body_1",
					"pivot": [0, 0, 0],
					"cubes": [
						{
							"origin": [-2, 0, -2],
							"size": [4, 4, 4],
							"uv": {
								"north": {"uv": [25, 10], "uv_size": [4, 4]},
								"east": {"uv": [15, 25], "uv_size": [4, 4]},
								"south": {"uv": [25, 15], "uv_size": [4, 4]},
								"west": {"uv": [20, 25], "uv_size": [4, 4]},
								"up": {"uv": [25, 20], "uv_size": [4, 4]},
								"down": {"uv": [25, 29], "uv_size": [4, -4]}
							}
						}
					]
				},
				{
					"name": "ysmGlowBone_4",
					"parent": "body_1",
					"pivot": [0, 0, 0],
					"cubes": [
						{
							"origin": [-1, 7.68579, 0],
							"size": [2, 0, 1],
							"uv": {
								"up": {"uv": [15, 32], "uv_size": [2, 1]}
							}
						},
						{
							"origin": [-2, 7.27157, 0],
							"size": [2, 0, 1],
							"pivot": [-1, 6.27157, 1],
							"rotation": [0, 0, -45],
							"uv": {
								"west": {"uv": [40, 5], "uv_size": [1, 0]},
								"up": {"uv": [18, 32], "uv_size": [2, 1]}
							}
						},
						{
							"origin": [-4.87302, 5.96501, 0],
							"size": [4, 0, 1],
							"pivot": [-1.87302, 4.96501, 1],
							"rotation": [0, 0, -67.5],
							"uv": {
								"up": {"uv": [30, 2], "uv_size": [4, 1]}
							}
						},
						{
							"origin": [-4.69495, 2.16184, 0],
							"size": [1.75, 0, 1],
							"pivot": [-3.94495, 1.16184, 1],
							"rotation": [0, 0, -45],
							"uv": {
								"up": {"uv": [21, 32], "uv_size": [2, 1]}
							}
						},
						{
							"origin": [-5.18238, 0.33862, 0],
							"size": [0, 1, 1],
							"uv": {
								"east": {"uv": [4, 38], "uv_size": [1, 1]}
							}
						},
						{
							"origin": [-4.69495, 0.16184, 0],
							"size": [0, 1, 1],
							"pivot": [-3.94495, 0.16184, 1],
							"rotation": [0, 0, -45],
							"uv": {
								"east": {"uv": [38, 4], "uv_size": [1, 1]}
							}
						},
						{
							"origin": [0, 7.27157, 0],
							"size": [2, 0, 1],
							"pivot": [1, 6.27157, 1],
							"rotation": [0, 0, 45],
							"uv": {
								"east": {"uv": [6, 40], "uv_size": [1, 0]},
								"up": {"uv": [24, 32], "uv_size": [2, 1]}
							}
						},
						{
							"origin": [0.87302, 5.96501, 0],
							"size": [4, 0, 1],
							"pivot": [1.87302, 4.96501, 1],
							"rotation": [0, 0, 67.5],
							"uv": {
								"up": {"uv": [30, 4], "uv_size": [4, 1]}
							}
						},
						{
							"origin": [2.94495, 2.16184, 0],
							"size": [1.75, 0, 1],
							"pivot": [3.94495, 1.16184, 1],
							"rotation": [0, 0, 45],
							"uv": {
								"up": {"uv": [27, 32], "uv_size": [2, 1]}
							}
						},
						{
							"origin": [5.18238, 0.33862, 0],
							"size": [0, 1, 1],
							"uv": {
								"west": {"uv": [6, 38], "uv_size": [1, 1]}
							}
						},
						{
							"origin": [4.69495, 0.16184, 0],
							"size": [0, 1, 1],
							"pivot": [3.94495, 0.16184, 1],
							"rotation": [0, 0, 45],
							"uv": {
								"west": {"uv": [38, 6], "uv_size": [1, 1]}
							}
						},
						{
							"origin": [4.22699, -7.56976, 0],
							"size": [-0.00171, 8.95127, 1],
							"pivot": [3.47528, 0.38151, 1],
							"rotation": [0, 0, 90],
							"uv": {
								"west": {"uv": [2, 38], "uv_size": [1, 1]}
							}
						}
					]
				},
				{
					"name": "ysmGlowBone_5",
					"parent": "body_1",
					"pivot": [0, 0, 0],
					"cubes": [
						{
							"origin": [-1, 7.68579, 0],
							"size": [2, 0, 1],
							"uv": {
								"up": {"uv": [30, 32], "uv_size": [2, 1]}
							}
						},
						{
							"origin": [-2, 7.27157, 0],
							"size": [2, 0, 1],
							"pivot": [-1, 6.27157, 1],
							"rotation": [0, 0, -45],
							"uv": {
								"west": {"uv": [40, 6], "uv_size": [1, 0]},
								"up": {"uv": [33, 32], "uv_size": [2, 1]}
							}
						},
						{
							"origin": [-4.87302, 5.96501, 0],
							"size": [4, 0, 1],
							"pivot": [-1.87302, 4.96501, 1],
							"rotation": [0, 0, -67.5],
							"uv": {
								"up": {"uv": [5, 30], "uv_size": [4, 1]}
							}
						},
						{
							"origin": [-4.69495, 2.16184, 0],
							"size": [1.75, 0, 1],
							"pivot": [-3.94495, 1.16184, 1],
							"rotation": [0, 0, -45],
							"uv": {
								"up": {"uv": [0, 34], "uv_size": [2, 1]}
							}
						},
						{
							"origin": [-5.18238, 0.33862, 0],
							"size": [0, 1, 1],
							"uv": {
								"east": {"uv": [8, 38], "uv_size": [1, 1]}
							}
						},
						{
							"origin": [-4.69495, 0.16184, 0],
							"size": [0, 1, 1],
							"pivot": [-3.94495, 0.16184, 1],
							"rotation": [0, 0, -45],
							"uv": {
								"east": {"uv": [38, 8], "uv_size": [1, 1]}
							}
						},
						{
							"origin": [0, 7.27157, 0],
							"size": [2, 0, 1],
							"pivot": [1, 6.27157, 1],
							"rotation": [0, 0, 45],
							"uv": {
								"east": {"uv": [40, 7], "uv_size": [1, 0]},
								"up": {"uv": [3, 34], "uv_size": [2, 1]}
							}
						},
						{
							"origin": [0.87302, 5.96501, 0],
							"size": [4, 0, 1],
							"pivot": [1.87302, 4.96501, 1],
							"rotation": [0, 0, 67.5],
							"uv": {
								"up": {"uv": [30, 6], "uv_size": [4, 1]}
							}
						},
						{
							"origin": [2.94495, 2.16184, 0],
							"size": [1.75, 0, 1],
							"pivot": [3.94495, 1.16184, 1],
							"rotation": [0, 0, 45],
							"uv": {
								"up": {"uv": [6, 34], "uv_size": [2, 1]}
							}
						},
						{
							"origin": [5.18238, 0.33862, 0],
							"size": [0, 1, 1],
							"uv": {
								"west": {"uv": [10, 38], "uv_size": [1, 1]}
							}
						},
						{
							"origin": [4.69495, 0.16184, 0],
							"size": [0, 1, 1],
							"pivot": [3.94495, 0.16184, 1],
							"rotation": [0, 0, 45],
							"uv": {
								"west": {"uv": [38, 10], "uv_size": [1, 1]}
							}
						},
						{
							"origin": [4.22699, -7.56976, 0],
							"size": [-0.00171, 8.95127, 1],
							"pivot": [3.47528, 0.38151, 1],
							"rotation": [0, 0, 90],
							"uv": {
								"west": {"uv": [2, 38], "uv_size": [1, 1]}
							}
						}
					]
				},
				{
					"name": "ysmGlowBone_6",
					"parent": "body_1",
					"pivot": [0, 0, 0],
					"cubes": [
						{
							"origin": [-1, 7.68579, 0],
							"size": [2, 0, 1],
							"uv": {
								"up": {"uv": [9, 34], "uv_size": [2, 1]}
							}
						},
						{
							"origin": [-2, 7.27157, 0],
							"size": [2, 0, 1],
							"pivot": [-1, 6.27157, 1],
							"rotation": [0, 0, -45],
							"uv": {
								"west": {"uv": [8, 40], "uv_size": [1, 0]},
								"up": {"uv": [12, 34], "uv_size": [2, 1]}
							}
						},
						{
							"origin": [-4.87302, 5.96501, 0],
							"size": [4, 0, 1],
							"pivot": [-1.87302, 4.96501, 1],
							"rotation": [0, 0, -67.5],
							"uv": {
								"up": {"uv": [30, 8], "uv_size": [4, 1]}
							}
						},
						{
							"origin": [-4.69495, 2.16184, 0],
							"size": [1.75, 0, 1],
							"pivot": [-3.94495, 1.16184, 1],
							"rotation": [0, 0, -45],
							"uv": {
								"up": {"uv": [15, 34], "uv_size": [2, 1]}
							}
						},
						{
							"origin": [-5.18238, 0.33862, 0],
							"size": [0, 1, 1],
							"uv": {
								"east": {"uv": [12, 38], "uv_size": [1, 1]}
							}
						},
						{
							"origin": [-4.69495, 0.16184, 0],
							"size": [0, 1, 1],
							"pivot": [-3.94495, 0.16184, 1],
							"rotation": [0, 0, -45],
							"uv": {
								"east": {"uv": [38, 12], "uv_size": [1, 1]}
							}
						},
						{
							"origin": [0, 7.27157, 0],
							"size": [2, 0, 1],
							"pivot": [1, 6.27157, 1],
							"rotation": [0, 0, 45],
							"uv": {
								"east": {"uv": [40, 8], "uv_size": [1, 0]},
								"up": {"uv": [18, 34], "uv_size": [2, 1]}
							}
						},
						{
							"origin": [0.87302, 5.96501, 0],
							"size": [4, 0, 1],
							"pivot": [1.87302, 4.96501, 1],
							"rotation": [0, 0, 67.5],
							"uv": {
								"up": {"uv": [10, 30], "uv_size": [4, 1]}
							}
						},
						{
							"origin": [2.94495, 2.16184, 0],
							"size": [1.75, 0, 1],
							"pivot": [3.94495, 1.16184, 1],
							"rotation": [0, 0, 45],
							"uv": {
								"up": {"uv": [21, 34], "uv_size": [2, 1]}
							}
						},
						{
							"origin": [5.18238, 0.33862, 0],
							"size": [0, 1, 1],
							"uv": {
								"west": {"uv": [14, 38], "uv_size": [1, 1]}
							}
						},
						{
							"origin": [4.69495, 0.16184, 0],
							"size": [0, 1, 1],
							"pivot": [3.94495, 0.16184, 1],
							"rotation": [0, 0, 45],
							"uv": {
								"west": {"uv": [38, 14], "uv_size": [1, 1]}
							}
						},
						{
							"origin": [4.22699, -7.56976, 0],
							"size": [-0.00171, 8.95127, 1],
							"pivot": [3.47528, 0.38151, 1],
							"rotation": [0, 0, 90],
							"uv": {
								"west": {"uv": [2, 38], "uv_size": [1, 1]}
							}
						}
					]
				},
				{
					"name": "ysmGlowBone_7",
					"parent": "body_1",
					"pivot": [0, 0, 0],
					"cubes": [
						{
							"origin": [-1, 7.68579, 0],
							"size": [2, 0, 1],
							"uv": {
								"up": {"uv": [24, 34], "uv_size": [2, 1]}
							}
						},
						{
							"origin": [-2, 7.27157, 0],
							"size": [2, 0, 1],
							"pivot": [-1, 6.27157, 1],
							"rotation": [0, 0, -45],
							"uv": {
								"west": {"uv": [40, 9], "uv_size": [1, 0]},
								"up": {"uv": [27, 34], "uv_size": [2, 1]}
							}
						},
						{
							"origin": [-4.87302, 5.96501, 0],
							"size": [4, 0, 1],
							"pivot": [-1.87302, 4.96501, 1],
							"rotation": [0, 0, -67.5],
							"uv": {
								"up": {"uv": [30, 10], "uv_size": [4, 1]}
							}
						},
						{
							"origin": [-4.69495, 2.16184, 0],
							"size": [1.75, 0, 1],
							"pivot": [-3.94495, 1.16184, 1],
							"rotation": [0, 0, -45],
							"uv": {
								"up": {"uv": [30, 34], "uv_size": [2, 1]}
							}
						},
						{
							"origin": [-5.18238, 0.33862, 0],
							"size": [0, 1, 1],
							"uv": {
								"east": {"uv": [16, 38], "uv_size": [1, 1]}
							}
						},
						{
							"origin": [-4.69495, 0.16184, 0],
							"size": [0, 1, 1],
							"pivot": [-3.94495, 0.16184, 1],
							"rotation": [0, 0, -45],
							"uv": {
								"east": {"uv": [38, 16], "uv_size": [1, 1]}
							}
						},
						{
							"origin": [0, 7.27157, 0],
							"size": [2, 0, 1],
							"pivot": [1, 6.27157, 1],
							"rotation": [0, 0, 45],
							"uv": {
								"east": {"uv": [10, 40], "uv_size": [1, 0]},
								"up": {"uv": [33, 34], "uv_size": [2, 1]}
							}
						},
						{
							"origin": [0.87302, 5.96501, 0],
							"size": [4, 0, 1],
							"pivot": [1.87302, 4.96501, 1],
							"rotation": [0, 0, 67.5],
							"uv": {
								"up": {"uv": [30, 12], "uv_size": [4, 1]}
							}
						},
						{
							"origin": [2.94495, 2.16184, 0],
							"size": [1.75, 0, 1],
							"pivot": [3.94495, 1.16184, 1],
							"rotation": [0, 0, 45],
							"uv": {
								"up": {"uv": [35, 0], "uv_size": [2, 1]}
							}
						},
						{
							"origin": [5.18238, 0.33862, 0],
							"size": [0, 1, 1],
							"uv": {
								"west": {"uv": [18, 38], "uv_size": [1, 1]}
							}
						},
						{
							"origin": [4.69495, 0.16184, 0],
							"size": [0, 1, 1],
							"pivot": [3.94495, 0.16184, 1],
							"rotation": [0, 0, 45],
							"uv": {
								"west": {"uv": [38, 18], "uv_size": [1, 1]}
							}
						},
						{
							"origin": [4.22699, -7.56976, 0],
							"size": [-0.00171, 8.95127, 1],
							"pivot": [3.47528, 0.38151, 1],
							"rotation": [0, 0, 90],
							"uv": {
								"west": {"uv": [2, 38], "uv_size": [1, 1]}
							}
						}
					]
				},
				{
					"name": "RightHand_1",
					"parent": "Allbody_1",
					"pivot": [-4, 7, -2]
				},
				{
					"name": "RightHandLocator",
					"parent": "RightHand_1",
					"pivot": [-4, 7, -2],
					"rotation": [-90, 0, 0]
				},
				{
					"name": "LeftHand_1",
					"parent": "Allbody_1",
					"pivot": [4, 7, -2]
				},
				{
					"name": "LeftHandLocator",
					"parent": "LeftHand_1",
					"pivot": [4, 7, -2],
					"rotation": [-90, 0, 0]
				},
				{
					"name": "ysmGlowBone_3",
					"parent": "Allbody_1",
					"pivot": [0, 0, 0],
					"cubes": [
						{
							"origin": [-1, 7.68579, 0],
							"size": [2, 0, 1],
							"uv": {
								"up": {"uv": [0, 32], "uv_size": [2, 1]}
							}
						},
						{
							"origin": [-2, 7.27157, 0],
							"size": [2, 0, 1],
							"pivot": [-1, 6.27157, 1],
							"rotation": [0, 0, -45],
							"uv": {
								"west": {"uv": [40, 4], "uv_size": [1, 0]},
								"up": {"uv": [3, 32], "uv_size": [2, 1]}
							}
						},
						{
							"origin": [-4.87302, 5.96501, 0],
							"size": [4, 0, 1],
							"pivot": [-1.87302, 4.96501, 1],
							"rotation": [0, 0, -67.5],
							"uv": {
								"up": {"uv": [0, 30], "uv_size": [4, 1]}
							}
						},
						{
							"origin": [-4.69495, 2.16184, 0],
							"size": [1.75, 0, 1],
							"pivot": [-3.94495, 1.16184, 1],
							"rotation": [0, 0, -45],
							"uv": {
								"up": {"uv": [6, 32], "uv_size": [2, 1]}
							}
						},
						{
							"origin": [-5.18238, 0.33862, 0],
							"size": [0, 1, 1],
							"uv": {
								"east": {"uv": [0, 38], "uv_size": [1, 1]}
							}
						},
						{
							"origin": [-4.69495, 0.16184, 0],
							"size": [0, 1, 1],
							"pivot": [-3.94495, 0.16184, 1],
							"rotation": [0, 0, -45],
							"uv": {
								"east": {"uv": [38, 0], "uv_size": [1, 1]}
							}
						},
						{
							"origin": [0, 7.27157, 0],
							"size": [2, 0, 1],
							"pivot": [1, 6.27157, 1],
							"rotation": [0, 0, 45],
							"uv": {
								"up": {"uv": [12, 32], "uv_size": [2, 1]}
							}
						},
						{
							"origin": [0.87302, 5.96501, 0],
							"size": [4, 0, 1],
							"pivot": [1.87302, 4.96501, 1],
							"rotation": [0, 0, 67.5],
							"uv": {
								"up": {"uv": [30, 0], "uv_size": [4, 1]}
							}
						},
						{
							"origin": [2.94495, 2.16184, 0],
							"size": [1.75, 0, 1],
							"pivot": [3.94495, 1.16184, 1],
							"rotation": [0, 0, 45],
							"uv": {
								"up": {"uv": [9, 32], "uv_size": [2, 1]}
							}
						},
						{
							"origin": [5.18238, 0.33862, 0],
							"size": [0, 1, 1],
							"uv": {
								"west": {"uv": [38, 2], "uv_size": [1, 1]}
							}
						},
						{
							"origin": [4.69495, 0.16184, 0],
							"size": [0, 1, 1],
							"pivot": [3.94495, 0.16184, 1],
							"rotation": [0, 0, 45],
							"uv": {
								"west": {"uv": [2, 38], "uv_size": [1, 1]}
							}
						},
						{
							"origin": [4.22699, -7.56976, 0],
							"size": [-0.00171, 8.95127, 1],
							"pivot": [3.47528, 0.38151, 1],
							"rotation": [0, 0, 90],
							"uv": {
								"west": {"uv": [2, 38], "uv_size": [1, 1]}
							}
						}
					]
				},
				{
					"name": "ysmGlowBone_2",
					"parent": "Allbody_1",
					"pivot": [0, 0, 0],
					"cubes": [
						{
							"origin": [-1, 7.68579, 0],
							"size": [2, 0, 1],
							"uv": {
								"up": {"uv": [30, 36], "uv_size": [2, 1]}
							}
						},
						{
							"origin": [-2, 7.27157, 0],
							"size": [2, 0, 1],
							"pivot": [-1, 6.27157, 1],
							"rotation": [0, 0, -45],
							"uv": {
								"west": {"uv": [40, 17], "uv_size": [1, 0]},
								"up": {"uv": [36, 32], "uv_size": [2, 1]}
							}
						},
						{
							"origin": [-4.87302, 5.96501, 0],
							"size": [4, 0, 1],
							"pivot": [-1.87302, 4.96501, 1],
							"rotation": [0, 0, -67.5],
							"uv": {
								"up": {"uv": [30, 28], "uv_size": [4, 1]}
							}
						},
						{
							"origin": [-4.69495, 2.16184, 0],
							"size": [1.75, 0, 1],
							"pivot": [-3.94495, 1.16184, 1],
							"rotation": [0, 0, -45],
							"uv": {
								"up": {"uv": [33, 36], "uv_size": [2, 1]}
							}
						},
						{
							"origin": [-5.18238, 0.33862, 0],
							"size": [0, 1, 1],
							"uv": {
								"east": {"uv": [40, 0], "uv_size": [1, 1]}
							}
						},
						{
							"origin": [-4.69495, 0.16184, 0],
							"size": [0, 1, 1],
							"pivot": [-3.94495, 0.16184, 1],
							"rotation": [0, 0, -45],
							"uv": {
								"east": {"uv": [2, 40], "uv_size": [1, 1]}
							}
						},
						{
							"origin": [0, 7.27157, 0],
							"size": [2, 0, 1],
							"pivot": [1, 6.27157, 1],
							"rotation": [0, 0, 45],
							"uv": {
								"east": {"uv": [18, 40], "uv_size": [1, 0]},
								"up": {"uv": [36, 34], "uv_size": [2, 1]}
							}
						},
						{
							"origin": [0.87302, 5.96501, 0],
							"size": [4, 0, 1],
							"pivot": [1.87302, 4.96501, 1],
							"rotation": [0, 0, 67.5],
							"uv": {
								"up": {"uv": [30, 30], "uv_size": [4, 1]}
							}
						},
						{
							"origin": [2.94495, 2.16184, 0],
							"size": [1.75, 0, 1],
							"pivot": [3.94495, 1.16184, 1],
							"rotation": [0, 0, 45],
							"uv": {
								"up": {"uv": [36, 36], "uv_size": [2, 1]}
							}
						},
						{
							"origin": [5.18238, 0.33862, 0],
							"size": [0, 1, 1],
							"uv": {
								"west": {"uv": [40, 2], "uv_size": [1, 1]}
							}
						},
						{
							"origin": [4.69495, 0.16184, 0],
							"size": [0, 1, 1],
							"pivot": [3.94495, 0.16184, 1],
							"rotation": [0, 0, 45],
							"uv": {
								"west": {"uv": [4, 40], "uv_size": [1, 1]}
							}
						},
						{
							"origin": [4.22699, -7.56976, 0],
							"size": [-0.00171, 8.95127, 1],
							"pivot": [3.47528, 0.38151, 1],
							"rotation": [0, 0, 90],
							"uv": {
								"west": {"uv": [2, 38], "uv_size": [1, 1]}
							}
						}
					]
				},
				{
					"name": "ysmGlowBone_1",
					"parent": "Allbody_1",
					"pivot": [0, 0, 0],
					"cubes": [
						{
							"origin": [-1, 7.68579, 0],
							"size": [2, 0, 1],
							"uv": {
								"up": {"uv": [30, 36], "uv_size": [2, 1]}
							}
						},
						{
							"origin": [-2, 7.27157, 0],
							"size": [2, 0, 1],
							"pivot": [-1, 6.27157, 1],
							"rotation": [0, 0, -45],
							"uv": {
								"west": {"uv": [40, 17], "uv_size": [1, 0]},
								"up": {"uv": [36, 32], "uv_size": [2, 1]}
							}
						},
						{
							"origin": [-4.87302, 5.96501, 0],
							"size": [4, 0, 1],
							"pivot": [-1.87302, 4.96501, 1],
							"rotation": [0, 0, -67.5],
							"uv": {
								"up": {"uv": [30, 28], "uv_size": [4, 1]}
							}
						},
						{
							"origin": [-4.69495, 2.16184, 0],
							"size": [1.75, 0, 1],
							"pivot": [-3.94495, 1.16184, 1],
							"rotation": [0, 0, -45],
							"uv": {
								"up": {"uv": [33, 36], "uv_size": [2, 1]}
							}
						},
						{
							"origin": [-5.18238, 0.33862, 0],
							"size": [0, 1, 1],
							"uv": {
								"east": {"uv": [40, 0], "uv_size": [1, 1]}
							}
						},
						{
							"origin": [-4.69495, 0.16184, 0],
							"size": [0, 1, 1],
							"pivot": [-3.94495, 0.16184, 1],
							"rotation": [0, 0, -45],
							"uv": {
								"east": {"uv": [2, 40], "uv_size": [1, 1]}
							}
						},
						{
							"origin": [0, 7.27157, 0],
							"size": [2, 0, 1],
							"pivot": [1, 6.27157, 1],
							"rotation": [0, 0, 45],
							"uv": {
								"east": {"uv": [18, 40], "uv_size": [1, 0]},
								"up": {"uv": [36, 34], "uv_size": [2, 1]}
							}
						},
						{
							"origin": [0.87302, 5.96501, 0],
							"size": [4, 0, 1],
							"pivot": [1.87302, 4.96501, 1],
							"rotation": [0, 0, 67.5],
							"uv": {
								"up": {"uv": [30, 30], "uv_size": [4, 1]}
							}
						},
						{
							"origin": [2.94495, 2.16184, 0],
							"size": [1.75, 0, 1],
							"pivot": [3.94495, 1.16184, 1],
							"rotation": [0, 0, 45],
							"uv": {
								"up": {"uv": [36, 36], "uv_size": [2, 1]}
							}
						},
						{
							"origin": [5.18238, 0.33862, 0],
							"size": [0, 1, 1],
							"uv": {
								"west": {"uv": [40, 2], "uv_size": [1, 1]}
							}
						},
						{
							"origin": [4.69495, 0.16184, 0],
							"size": [0, 1, 1],
							"pivot": [3.94495, 0.16184, 1],
							"rotation": [0, 0, 45],
							"uv": {
								"west": {"uv": [4, 40], "uv_size": [1, 1]}
							}
						},
						{
							"origin": [4.22699, -7.56976, 0],
							"size": [-0.00171, 8.95127, 1],
							"pivot": [3.47528, 0.38151, 1],
							"rotation": [0, 0, 90],
							"uv": {
								"west": {"uv": [2, 38], "uv_size": [1, 1]}
							}
						}
					]
				},
				{
					"name": "ysmGlowBody_7",
					"parent": "Allbody_1",
					"pivot": [0, 0, 0],
					"cubes": [
						{
							"origin": [-2, 0, -2],
							"size": [4, 4, 4],
							"uv": {
								"north": {"uv": [25, 10], "uv_size": [4, 4]},
								"east": {"uv": [15, 25], "uv_size": [4, 4]},
								"south": {"uv": [25, 15], "uv_size": [4, 4]},
								"west": {"uv": [20, 25], "uv_size": [4, 4]},
								"up": {"uv": [25, 20], "uv_size": [4, 4]},
								"down": {"uv": [25, 29], "uv_size": [4, -4]}
							}
						}
					]
				},
				{
					"name": "ysmGlowBody_1",
					"parent": "Allbody_1",
					"pivot": [0, 0, 0],
					"cubes": [
						{
							"origin": [-2, 0, -2],
							"size": [4, 4, 4],
							"uv": {
								"north": {"uv": [25, 10], "uv_size": [4, 4]},
								"east": {"uv": [15, 25], "uv_size": [4, 4]},
								"south": {"uv": [25, 15], "uv_size": [4, 4]},
								"west": {"uv": [20, 25], "uv_size": [4, 4]},
								"up": {"uv": [25, 20], "uv_size": [4, 4]},
								"down": {"uv": [25, 29], "uv_size": [4, -4]}
							}
						}
					]
				}
			]
		}
	]
}