{
	"format_version": "1.12.0",
	"minecraft:geometry": [
		{
			"description": {
				"identifier": "geometry.unknown",
				"texture_width": 128,
				"texture_height": 128,
				"visible_bounds_width": 3,
				"visible_bounds_height": 3.5,
				"visible_bounds_offset": [0, 1.25, 0]
			},
			"bones": [
				{
					"name": "head",
					"pivot": [0, 28, 0],
					"cubes": [
						{"origin": [-5, 28, -3.5], "size": [10, 10, 7], "uv": [36, 103]}
					]
				},
				{
					"name": "armLeft",
					"pivot": [3.4, 25.95, 0],
					"rotation": [0, 0, -10.5],
					"cubes": [
						{"origin": [3.1, 19, -1.5], "size": [3.05, 8, 3], "uv": [61, 63]}
					]
				},
				{
					"name": "armLeft1",
					"parent": "armLeft",
					"pivot": [4.625, 20, 0.025],
					"cubes": [
						{"origin": [3.125, 13, -1.475], "size": [3, 8, 3], "uv": [12, 64]},
						{"origin": [2.875, 15.6, -1.725], "size": [3.5, 1, 3.5], "uv": [87, 20]}
					]
				},
				{
					"name": "armRight",
					"pivot": [-3.4, 25.95, 0],
					"rotation": [0, 0, 10.5],
					"cubes": [
						{"origin": [-6.15, 19, -1.5], "size": [3.05, 8, 3], "uv": [61, 63], "mirror": true}
					]
				},
				{
					"name": "armRight1",
					"parent": "armRight",
					"pivot": [-4.625, 20, 0.025],
					"cubes": [
						{"origin": [-6.125, 13, -1.475], "size": [3, 8, 3], "uv": [12, 64], "mirror": true}
					]
				},
				{
					"name": "fujia",
					"pivot": [0, 18.85, 0.0125]
				},
				{
					"name": "QunZi",
					"parent": "fujia",
					"pivot": [0, 18.85, 0.0125],
					"cubes": [
						{"origin": [2, 20.55, -2.8875], "size": [1, 7, 5.8], "uv": [31, 60]},
						{"origin": [-2, 20.55, -2.6875], "size": [4, 3, 5.5], "uv": [54, 30]},
						{"origin": [-3, 20.55, -2.8875], "size": [1, 7, 5.8], "uv": [58, 44]},
						{"origin": [2.6, 20.55, -2.7875], "size": [4, 8, 5.6], "uv": [0, 32]},
						{"origin": [-6.6, 20.55, -2.7875], "size": [4, 8, 5.6], "uv": [0, 32], "mirror": true}
					]
				},
				{
					"name": "Skirt",
					"parent": "QunZi",
					"pivot": [0, 16.27206, 0.00086],
					"cubes": [
						{"origin": [-3.6, 16.575, -2.025], "size": [7.2, 2, 1], "pivot": [0, 19.2, -0.025], "rotation": [-35, 0, 0], "uv": [67, 0]},
						{"origin": [-4.5, 10.575, 1.025], "size": [9, 3, 1], "pivot": [0, 19.2, 0.025], "rotation": [35, 0, 0], "uv": [54, 39]},
						{"origin": [-7.1246, 12.50744, 3.42819], "size": [4, 2, 1], "pivot": [-5.18025, 13.87846, 3.96182], "rotation": [33.30218, -43.33507, -2.2281], "uv": [0, 67]},
						{"origin": [-5.87066, 14.14926, 2.41641], "size": [3, 2, 1], "pivot": [-4.37066, 16.16176, 3.06641], "rotation": [33.30218, -43.33507, -2.2281], "uv": [39, 60]},
						{"origin": [-5.57066, 15.92426, 2.39141], "size": [2, 2.05, 1], "pivot": [-4.37066, 16.16176, 3.06641], "rotation": [33.30218, -43.33507, -2.2281], "uv": [39, 21]},
						{"origin": [-4, 13.575, 1.025], "size": [8, 3, 1], "pivot": [0, 19.2, 0.025], "rotation": [35, 0, 0], "uv": [64, 57]},
						{"origin": [-4.87066, 17.97426, 2.39141], "size": [1, 2.25, 1], "pivot": [-4.37066, 16.16176, 3.06641], "rotation": [33.30218, -43.33507, -2.2281], "uv": [32, 51]},
						{"origin": [-3.6, 16.575, 1.025], "size": [7.2, 2, 1], "pivot": [0, 19.2, 0.025], "rotation": [35, 0, 0], "uv": [22, 21]},
						{"origin": [-7.4463, 15.07716, -0.74843], "size": [5, 3, 1], "pivot": [-4.98275, 16.19404, 0.03966], "rotation": [0, 90, 30], "uv": [20, 0]},
						{"origin": [-7.9463, 12.07716, -0.74843], "size": [6, 3, 1], "pivot": [-4.98275, 16.19404, 0.03966], "rotation": [0, 90, 30], "uv": [30, 37]},
						{"origin": [-6.9463, 18.07716, -0.74843], "size": [4.025, 2, 1], "pivot": [-4.98275, 16.19404, 0.03966], "rotation": [0, 90, 30], "uv": [73, 34]},
						{"origin": [-4.5, 12.82391, -5.69046], "size": [9, 3, 1], "pivot": [0, 14.22391, -5.34046], "rotation": [-29.25, 0, 0], "uv": [46, 0]},
						{"origin": [-6.65986, 12.36001, -3.89385], "size": [4, 2, 1], "pivot": [-4.65986, 15.29567, -3.34684], "rotation": [-29.55945, 44.58204, -2.83169], "uv": [71, 53]},
						{"origin": [-6.15986, 14.35653, -3.88431], "size": [3, 2, 1], "pivot": [-4.65986, 15.29567, -3.34684], "rotation": [-32.05945, 44.58204, -2.83169], "uv": [77, 26]},
						{"origin": [-5.65986, 16.05653, -3.83431], "size": [2, 2.05, 1], "pivot": [-4.65986, 15.29567, -3.34684], "rotation": [-32.05945, 44.58204, -2.83169], "uv": [51, 46]},
						{"origin": [-4.97908, 17.93843, -3.52], "size": [1, 2.25, 1], "pivot": [-4.47908, 16.18843, -3.07], "rotation": [-35.20479, 41.92758, -0.0368], "uv": [80, 22]},
						{"origin": [3.97908, 17.93843, -3.52], "size": [1, 2.25, 1], "pivot": [4.47908, 16.18843, -3.07], "rotation": [-35.20479, -41.92758, 0.0368], "uv": [80, 22], "mirror": true},
						{"origin": [2.9213, 18.07716, -0.74843], "size": [4.025, 2, 1], "pivot": [4.98275, 16.19404, 0.03966], "rotation": [0, -90, -30], "uv": [73, 34], "mirror": true},
						{"origin": [2.4463, 15.07716, -0.74843], "size": [5, 3, 1], "pivot": [4.98275, 16.19404, 0.03966], "rotation": [0, -90, -30], "uv": [20, 0], "mirror": true},
						{"origin": [3.15986, 14.35653, -3.88431], "size": [3, 2, 1], "pivot": [4.65986, 15.29567, -3.34684], "rotation": [-32.05945, -44.58204, 2.83169], "uv": [77, 26], "mirror": true},
						{"origin": [3.65986, 16.05653, -3.83431], "size": [2, 2.05, 1], "pivot": [4.65986, 15.29567, -3.34684], "rotation": [-32.05945, -44.58204, 2.83169], "uv": [51, 46], "mirror": true},
						{"origin": [1.9463, 12.07716, -0.74843], "size": [6, 3, 1], "pivot": [4.98275, 16.19404, 0.03966], "rotation": [0, -90, -30], "uv": [30, 37], "mirror": true},
						{"origin": [2.65986, 12.36001, -3.89385], "size": [4, 2, 1], "pivot": [4.65986, 15.29567, -3.34684], "rotation": [-29.55945, -44.58204, 2.83169], "uv": [71, 53], "mirror": true},
						{"origin": [3.1246, 12.50744, 3.42819], "size": [4, 2, 1], "pivot": [5.18025, 13.87846, 3.96182], "rotation": [33.30218, 43.33507, 2.2281], "uv": [0, 67], "mirror": true},
						{"origin": [2.99566, 14.12426, 2.44141], "size": [3, 2, 1], "pivot": [4.37066, 16.16176, 3.06641], "rotation": [33.30218, 43.33507, 2.2281], "uv": [39, 60], "mirror": true},
						{"origin": [3.57066, 15.92426, 2.39141], "size": [2, 2.05, 1], "pivot": [4.37066, 16.16176, 3.06641], "rotation": [33.30218, 43.33507, 2.2281], "uv": [39, 21], "mirror": true},
						{"origin": [3.87066, 17.97426, 2.39141], "size": [1, 2.25, 1], "pivot": [4.37066, 16.16176, 3.06641], "rotation": [33.30218, 43.33507, 2.2281], "uv": [32, 51], "mirror": true},
						{"origin": [-4, 13.575, -2.025], "size": [8, 3, 1], "pivot": [0, 19.2, -0.025], "rotation": [-35, 0, 0], "uv": [64, 5]}
					]
				},
				{
					"name": "guajian",
					"parent": "Skirt",
					"pivot": [-4.28986, 13.0271, -6.0074],
					"rotation": [0, -45, 0]
				},
				{
					"name": "guajian2",
					"parent": "Skirt",
					"pivot": [4.28986, 13.0271, -6.0074],
					"rotation": [0, 45, 0]
				},
				{
					"name": "legLeft",
					"pivot": [2.4, 16.5, -0.7],
					"cubes": [
						{"origin": [0.375, 9, -1.7], "size": [3.65, 8, 4], "uv": [53, 6]}
					]
				},
				{
					"name": "legLeft1",
					"parent": "legLeft",
					"pivot": [2.2, 9.55, -1],
					"cubes": [
						{"origin": [0.4, 0.85, -1.6], "size": [3.6, 9, 4], "uv": [38, 46]},
						{"origin": [0.3, 0.85, -1.7], "size": [3.8, 4, 4.2], "uv": [90, 2]}
					]
				},
				{
					"name": "legLeft2",
					"parent": "legLeft1",
					"pivot": [2.1875, 2.35, 1.4375],
					"cubes": [
						{"origin": [0.15, -0.15, -3.6], "size": [4.175, 3, 6.175], "uv": [0, 46]}
					]
				},
				{
					"name": "legRight",
					"pivot": [-2.4, 16.5, -0.7],
					"cubes": [
						{"origin": [-4.025, 9, -1.7], "size": [3.65, 8, 4], "uv": [53, 6], "mirror": true}
					]
				},
				{
					"name": "legRight1",
					"parent": "legRight",
					"pivot": [-2.2, 9.55, -1],
					"cubes": [
						{"origin": [-4, 0.85, -1.6], "size": [3.6, 9, 4], "uv": [38, 46], "mirror": true},
						{"origin": [-4.1, 0.85, -1.7], "size": [3.8, 4, 4.2], "uv": [90, 2], "mirror": true}
					]
				},
				{
					"name": "legRight2",
					"parent": "legRight1",
					"pivot": [-2.1875, 2.35, 1.4375],
					"cubes": [
						{"origin": [-4.325, -0.15, -3.6], "size": [4.175, 3, 6.175], "uv": [0, 46], "mirror": true}
					]
				},
				{
					"name": "Leg",
					"pivot": [2, 16.5, 0]
				},
				{
					"name": "body",
					"pivot": [0, 8, 0],
					"cubes": [
						{"origin": [-1.5, 27.1, -1.4], "size": [3, 2, 3], "uv": [68, 10]},
						{"origin": [-3.5, 15.1, -2.4], "size": [7, 12, 5], "uv": [0, 0]},
						{"origin": [-4.325, 22, -1.85], "size": [2.05, 5, 3.9], "pivot": [-4.1, 25.525, 0.1], "rotation": [0, 0, -10.25], "uv": [86, 11], "mirror": true},
						{"origin": [2.275, 22, -1.85], "size": [2.05, 5, 3.9], "pivot": [4.1, 25.525, 0.1], "rotation": [0, 0, 10.25], "uv": [86, 11]}
					]
				}
			]
		}
	]
}