{
	"format_version": "1.12.0",
	"minecraft:geometry": [
		{
			"description": {
				"identifier": "geometry.default",
				"texture_width": 64,
				"texture_height": 64,
				"visible_bounds_width": 5,
				"visible_bounds_height": 5,
				"visible_bounds_offset": [0, 1.5, 0]
			},
			"bones": [
				{
					"name": "Root",
					"pivot": [0, -10.95, 0]
				},
				{
					"name": "AllBody",
					"parent": "Root",
					"pivot": [0, 23.6491, 0.575]
				},
				{
					"name": "UpBody",
					"parent": "AllBody",
					"pivot": [0, 23.67407, 0]
				},
				{
					"name": "UpperBody",
					"parent": "UpBody",
					"pivot": [0, 24.0875, 0.2625],
					"cubes": [
						{
							"origin": [-1.95, 23.875, -0.975],
							"size": [3.9, 2.5, 2.55],
							"uv": {
								"north": {"uv": [13, 13], "uv_size": [4, 2.5]},
								"east": {"uv": [19, 0], "uv_size": [2.5, 2.5]},
								"south": {"uv": [15, 0], "uv_size": [4, 2.5]},
								"west": {"uv": [18, 19], "uv_size": [2.5, 2.5]},
								"up": {"uv": [0, 16], "uv_size": [4, 2.5]},
								"down": {"uv": [16, 5.5], "uv_size": [4, -2.5]}
							}
						},
						{
							"origin": [-0.95, 25.875, -0.675],
							"size": [1.9, 1.55, 1.8],
							"uv": {
								"north": {"uv": [23, 4], "uv_size": [2, 1.5]},
								"east": {"uv": [23, 6], "uv_size": [2, 1.5]},
								"south": {"uv": [0, 24], "uv_size": [2, 1.5]},
								"west": {"uv": [24, 0], "uv_size": [2, 1.5]},
								"up": {"uv": [22, 0], "uv_size": [2, 2]},
								"down": {"uv": [22, 20], "uv_size": [2, -2]}
							}
						}
					]
				},
				{
					"name": "AllHead",
					"parent": "UpperBody",
					"pivot": [0, 25.325, 0]
				},
				{
					"name": "Head",
					"parent": "AllHead",
					"pivot": [0, 27.125, -0.25],
					"cubes": [
						{
							"origin": [-2.5, 28.5, -2],
							"size": [5, 4.5, 5.25],
							"uv": {
								"north": {"uv": [10, 0], "uv_size": [5, 4.5]},
								"east": {"uv": [0, 6], "uv_size": [5.5, 4.5]},
								"south": {"uv": [0, 11], "uv_size": [5, 4.5]},
								"west": {"uv": [6, 6], "uv_size": [5.5, 4.5]},
								"up": {"uv": [0, 0], "uv_size": [5, 5.5]},
								"down": {"uv": [5, 5.5], "uv_size": [5, -5.5]}
							}
						},
						{
							"origin": [-1, 28.325, -2.025],
							"size": [2, 0.5, 1.425],
							"uv": {
								"north": {"uv": [27, 11], "uv_size": [2, 0.5]},
								"east": {"uv": [27, 23], "uv_size": [1.5, 0.5]},
								"south": {"uv": [27, 19], "uv_size": [2, 0.5]},
								"west": {"uv": [27, 24], "uv_size": [1.5, 0.5]},
								"up": {"uv": [2, 24], "uv_size": [2, 1.5]},
								"down": {"uv": [4, 25.5], "uv_size": [2, -1.5]}
							}
						},
						{
							"origin": [1.95, 29.35, 0],
							"size": [1, 1.5, 1],
							"uv": {
								"north": {"uv": [21, 26], "uv_size": [1, 1.5]},
								"east": {"uv": [26, 21], "uv_size": [1, 1.5]},
								"south": {"uv": [22, 26], "uv_size": [1, 1.5]},
								"west": {"uv": [23, 26], "uv_size": [1, 1.5]},
								"up": {"uv": [20, 18], "uv_size": [1, 1]},
								"down": {"uv": [22, 3], "uv_size": [1, -1]}
							}
						},
						{
							"origin": [-2.95, 29.35, 0],
							"size": [1, 1.5, 1],
							"uv": {
								"north": {"uv": [24, 26], "uv_size": [1, 1.5]},
								"east": {"uv": [0, 27], "uv_size": [1, 1.5]},
								"south": {"uv": [1, 27], "uv_size": [1, 1.5]},
								"west": {"uv": [2, 27], "uv_size": [1, 1.5]},
								"up": {"uv": [23, 13], "uv_size": [1, 1]},
								"down": {"uv": [21, 24], "uv_size": [1, -1]}
							}
						},
						{
							"origin": [-0.375, 29.3, -2.2],
							"size": [0.75, 2, 1],
							"pivot": [-0.125, 30.3, 0.3],
							"rotation": [-5, 0, 0],
							"uv": {
								"north": {"uv": [12, 9], "uv_size": [1, 2]},
								"east": {"uv": [15, 3], "uv_size": [1, 2]},
								"south": {"uv": [17, 14], "uv_size": [1, 2]},
								"west": {"uv": [26, 15], "uv_size": [1, 2]},
								"up": {"uv": [24, 23], "uv_size": [1, 1]},
								"down": {"uv": [27, 21], "uv_size": [1, -1]}
							}
						},
						{
							"origin": [-0.75, 29.3, -2.15],
							"size": [1.5, 0.75, 0.95],
							"pivot": [-0.25, 30.3, 0.3],
							"rotation": [-5, 0, 0],
							"uv": {
								"north": {"uv": [10, 5], "uv_size": [1.5, 1]},
								"east": {"uv": [27, 21], "uv_size": [1, 1]},
								"south": {"uv": [21, 13], "uv_size": [1.5, 1]},
								"west": {"uv": [27, 22], "uv_size": [1, 1]},
								"up": {"uv": [23, 8], "uv_size": [1.5, 1]},
								"down": {"uv": [27, 3], "uv_size": [1.5, -1]}
							}
						},
						{
							"origin": [-2, 27, -2],
							"size": [4, 1.5, 4],
							"uv": {
								"north": {"uv": [20, 14], "uv_size": [4, 1.5]},
								"east": {"uv": [20, 16], "uv_size": [4, 1.5]},
								"south": {"uv": [21, 9], "uv_size": [4, 1.5]},
								"west": {"uv": [21, 11], "uv_size": [4, 1.5]},
								"up": {"uv": [12, 5], "uv_size": [4, 4]},
								"down": {"uv": [13, 13], "uv_size": [4, -4]}
							}
						},
						{
							"origin": [-2, 33, -1.75],
							"size": [4, 0.5, 4.25],
							"uv": {
								"north": {"uv": [26, 17], "uv_size": [4, 0.5]},
								"east": {"uv": [25, 12], "uv_size": [4.5, 0.5]},
								"south": {"uv": [26, 18], "uv_size": [4, 0.5]},
								"west": {"uv": [0, 26], "uv_size": [4.5, 0.5]},
								"up": {"uv": [5, 11], "uv_size": [4, 4.5]},
								"down": {"uv": [9, 15.5], "uv_size": [4, -4.5]}
							}
						}
					]
				},
				{
					"name": "bone",
					"parent": "Head",
					"pivot": [0, 26.525, 1.15],
					"cubes": [
						{
							"origin": [-0.25, 33.525, 0.15],
							"size": [0.5, 3, 0.5],
							"uv": {
								"north": {"uv": [20, 22], "uv_size": [0.5, 3]},
								"east": {"uv": [24, 15], "uv_size": [0.5, 3]},
								"south": {"uv": [25, 4], "uv_size": [0.5, 3]},
								"west": {"uv": [25, 7], "uv_size": [0.5, 3]},
								"up": {"uv": [21, 24], "uv_size": [0.5, 0.5]},
								"down": {"uv": [22, 24.5], "uv_size": [0.5, -0.5]}
							}
						}
					]
				},
				{
					"name": "bone3",
					"parent": "bone",
					"pivot": [0, 36.185, 0.4],
					"cubes": [
						{
							"origin": [-3.5, 36.175, -5.6],
							"size": [4, 0, 6],
							"pivot": [-0.25, 26.525, 1.15],
							"rotation": [0, -90, 0],
							"uv": {
								"north": {"uv": [0, 0], "uv_size": [4, 0]},
								"east": {"uv": [0, 0], "uv_size": [6, 0]},
								"south": {"uv": [0, 0], "uv_size": [4, 0]},
								"west": {"uv": [0, 0], "uv_size": [6, 0]},
								"up": {"uv": [13, 28], "uv_size": [4, 6]},
								"down": {"uv": [17, 34], "uv_size": [4, -6]}
							}
						},
						{
							"origin": [-2.5, 36.175, -6.1],
							"size": [4, 0, 6],
							"uv": {
								"north": {"uv": [0, 0], "uv_size": [4, 0]},
								"east": {"uv": [0, 0], "uv_size": [6, 0]},
								"south": {"uv": [0, 0], "uv_size": [4, 0]},
								"west": {"uv": [0, 0], "uv_size": [6, 0]},
								"up": {"uv": [13, 28], "uv_size": [4, 6]},
								"down": {"uv": [17, 34], "uv_size": [4, -6]}
							}
						},
						{
							"origin": [-2, 36.175, -5.1],
							"size": [4, 0, 6],
							"pivot": [-0.25, 26.525, 1.15],
							"rotation": [0, 90, 0],
							"uv": {
								"north": {"uv": [0, 0], "uv_size": [4, 0]},
								"east": {"uv": [0, 0], "uv_size": [6, 0]},
								"south": {"uv": [0, 0], "uv_size": [4, 0]},
								"west": {"uv": [0, 0], "uv_size": [6, 0]},
								"up": {"uv": [13, 28], "uv_size": [4, 6]},
								"down": {"uv": [17, 34], "uv_size": [4, -6]}
							}
						},
						{
							"origin": [-3, 36.175, -4.6],
							"size": [4, 0, 6],
							"pivot": [-0.25, 26.525, 1.15],
							"rotation": [0, 180, 0],
							"uv": {
								"north": {"uv": [0, 0], "uv_size": [4, 0]},
								"east": {"uv": [0, 0], "uv_size": [6, 0]},
								"south": {"uv": [0, 0], "uv_size": [4, 0]},
								"west": {"uv": [0, 0], "uv_size": [6, 0]},
								"up": {"uv": [13, 28], "uv_size": [4, 6]},
								"down": {"uv": [17, 34], "uv_size": [4, -6]}
							}
						},
						{
							"origin": [-0.5, 36.025, -0.1],
							"size": [1, 0.4, 1],
							"uv": {
								"north": {"uv": [15, 22], "uv_size": [1, 0.5]},
								"east": {"uv": [15, 23], "uv_size": [1, 0.5]},
								"south": {"uv": [24, 18], "uv_size": [1, 0.5]},
								"west": {"uv": [24, 19], "uv_size": [1, 0.5]},
								"up": {"uv": [21, 18], "uv_size": [1, 1]},
								"down": {"uv": [21, 20], "uv_size": [1, -1]}
							}
						}
					]
				},
				{
					"name": "Arm",
					"parent": "UpperBody",
					"pivot": [0, 18.87407, -0.075]
				},
				{
					"name": "LeftArm",
					"parent": "Arm",
					"pivot": [2.275, 25.825, 0],
					"rotation": [0, 0, -12.5],
					"cubes": [
						{
							"origin": [1.7297, 21.73928, -0.45],
							"size": [1, 4.5, 1.55],
							"uv": {
								"north": {"uv": [16, 21], "uv_size": [1, 4.5]},
								"east": {"uv": [19, 9], "uv_size": [1.5, 4.5]},
								"south": {"uv": [17, 21], "uv_size": [1, 4.5]},
								"west": {"uv": [10, 19], "uv_size": [1.5, 4.5]},
								"up": {"uv": [3, 27], "uv_size": [1, 1.5]},
								"down": {"uv": [27, 4.5], "uv_size": [1, -1.5]}
							}
						},
						{
							"origin": [1.4797, 20.53928, -0.6],
							"size": [1.5, 1.45, 1.8],
							"uv": {
								"north": {"uv": [26, 0], "uv_size": [1.5, 1.5]},
								"east": {"uv": [6, 24], "uv_size": [2, 1.5]},
								"south": {"uv": [5, 26], "uv_size": [1.5, 1.5]},
								"west": {"uv": [8, 24], "uv_size": [2, 1.5]},
								"up": {"uv": [10, 24], "uv_size": [1.5, 2]},
								"down": {"uv": [12, 26], "uv_size": [1.5, -2]}
							}
						},
						{
							"origin": [1.7297, 24.98928, -0.7],
							"size": [1.15, 1.35, 2],
							"uv": {
								"north": {"uv": [4, 27], "uv_size": [1, 1.5]},
								"east": {"uv": [24, 13], "uv_size": [2, 1.5]},
								"south": {"uv": [27, 5], "uv_size": [1, 1.5]},
								"west": {"uv": [14, 24], "uv_size": [2, 1.5]},
								"up": {"uv": [17, 26], "uv_size": [1, 2]},
								"down": {"uv": [19, 28], "uv_size": [1, -2]}
							}
						}
					]
				},
				{
					"name": "LeftHandLocator",
					"parent": "LeftArm",
					"pivot": [2.25089, 21.50212, 0.025]
				},
				{
					"name": "RightArm",
					"parent": "Arm",
					"pivot": [-2.25, 25.825, 0],
					"rotation": [0, 0, 12.5],
					"cubes": [
						{
							"origin": [-2.8797, 24.98928, -0.7],
							"size": [1.15, 1.35, 2],
							"uv": {
								"north": {"uv": [5, 27], "uv_size": [-1, 1.5]},
								"east": {"uv": [16, 24], "uv_size": [-2, 1.5]},
								"south": {"uv": [28, 5], "uv_size": [-1, 1.5]},
								"west": {"uv": [26, 13], "uv_size": [-2, 1.5]},
								"up": {"uv": [18, 26], "uv_size": [-1, 2]},
								"down": {"uv": [20, 28], "uv_size": [-1, -2]}
							}
						},
						{
							"origin": [-2.7297, 21.73928, -0.45],
							"size": [1, 4.5, 1.55],
							"uv": {
								"north": {"uv": [17, 21], "uv_size": [-1, 4.5]},
								"east": {"uv": [11.5, 19], "uv_size": [-1.5, 4.5]},
								"south": {"uv": [18, 21], "uv_size": [-1, 4.5]},
								"west": {"uv": [20.5, 9], "uv_size": [-1.5, 4.5]},
								"up": {"uv": [4, 27], "uv_size": [-1, 1.5]},
								"down": {"uv": [28, 4.5], "uv_size": [-1, -1.5]}
							}
						},
						{
							"origin": [-2.9797, 20.53928, -0.6],
							"size": [1.5, 1.45, 1.8],
							"uv": {
								"north": {"uv": [27.5, 0], "uv_size": [-1.5, 1.5]},
								"east": {"uv": [10, 24], "uv_size": [-2, 1.5]},
								"south": {"uv": [6.5, 26], "uv_size": [-1.5, 1.5]},
								"west": {"uv": [8, 24], "uv_size": [-2, 1.5]},
								"up": {"uv": [11.5, 24], "uv_size": [-1.5, 2]},
								"down": {"uv": [13.5, 26], "uv_size": [-1.5, -2]}
							}
						}
					]
				},
				{
					"name": "RightHandLocator",
					"parent": "RightArm",
					"pivot": [-1.92352, 21.18048, 0.025]
				},
				{
					"name": "BackpackLocator",
					"parent": "UpperBody",
					"pivot": [0, 23.62407, 0.925]
				},
				{
					"name": "LeftWaistLocator",
					"parent": "UpperBody",
					"pivot": [4, 15.37407, -0.075],
					"rotation": [-20, 0, 0]
				},
				{
					"name": "RightWaistLocator",
					"parent": "UpperBody",
					"pivot": [-4, 15.37407, -0.075],
					"rotation": [-5, 0, 0]
				},
				{
					"name": "DownBody",
					"parent": "AllBody",
					"pivot": [0, 23.85, 0.3],
					"cubes": [
						{
							"origin": [-1.95, 21.325, -0.975],
							"size": [3.9, 2.55, 2.55],
							"uv": {
								"north": {"uv": [4, 16], "uv_size": [4, 2.5]},
								"east": {"uv": [20, 3], "uv_size": [2.5, 2.5]},
								"south": {"uv": [16, 6], "uv_size": [4, 2.5]},
								"west": {"uv": [20, 6], "uv_size": [2.5, 2.5]},
								"up": {"uv": [8, 16], "uv_size": [4, 2.5]},
								"down": {"uv": [12, 18.5], "uv_size": [4, -2.5]}
							}
						}
					]
				},
				{
					"name": "LeftLeg",
					"parent": "DownBody",
					"pivot": [1.22256, 21.31708, 0.35],
					"cubes": [
						{
							"origin": [0.29756, 19.26708, -0.7],
							"size": [1.85, 2.1, 2.1],
							"uv": {
								"north": {"uv": [25, 27], "uv_size": [2, 2]},
								"east": {"uv": [27, 25], "uv_size": [2, 2]},
								"south": {"uv": [27, 27], "uv_size": [2, 2]},
								"west": {"uv": [28, 0], "uv_size": [2, 2]},
								"up": {"uv": [28, 3], "uv_size": [2, 2]},
								"down": {"uv": [5, 30], "uv_size": [2, -2]}
							}
						},
						{
							"origin": [0.54756, 16.51708, -0.45],
							"size": [1.35, 4.85, 1.6],
							"uv": {
								"north": {"uv": [16, 16], "uv_size": [1.5, 5]},
								"east": {"uv": [17, 9], "uv_size": [1.5, 5]},
								"south": {"uv": [18, 14], "uv_size": [1.5, 5]},
								"west": {"uv": [0, 19], "uv_size": [1.5, 5]},
								"up": {"uv": [11, 26], "uv_size": [1.5, 1.5]},
								"down": {"uv": [13, 27.5], "uv_size": [1.5, -1.5]}
							}
						},
						{
							"origin": [0.29756, 15.51708, -1.2],
							"size": [1.85, 1, 2.6],
							"uv": {
								"north": {"uv": [22, 23], "uv_size": [2, 1]},
								"east": {"uv": [23, 3], "uv_size": [2.5, 1]},
								"south": {"uv": [23, 22], "uv_size": [2, 1]},
								"west": {"uv": [12, 23], "uv_size": [2.5, 1]},
								"up": {"uv": [21, 20], "uv_size": [2, 2.5]},
								"down": {"uv": [18, 24.5], "uv_size": [2, -2.5]}
							}
						}
					]
				},
				{
					"name": "RightLeg",
					"parent": "DownBody",
					"pivot": [-1.22256, 21.31708, 0.35],
					"cubes": [
						{
							"origin": [-2.14756, 19.26708, -0.7],
							"size": [1.85, 2.1, 2.1],
							"uv": {
								"north": {"uv": [28, 5], "uv_size": [2, 2]},
								"east": {"uv": [7, 28], "uv_size": [2, 2]},
								"south": {"uv": [28, 7], "uv_size": [2, 2]},
								"west": {"uv": [9, 28], "uv_size": [2, 2]},
								"up": {"uv": [28, 9], "uv_size": [2, 2]},
								"down": {"uv": [11, 30], "uv_size": [2, -2]}
							}
						},
						{
							"origin": [-1.89756, 16.51708, -0.45],
							"size": [1.35, 4.85, 1.6],
							"uv": {
								"north": {"uv": [2, 19], "uv_size": [1.5, 5]},
								"east": {"uv": [4, 19], "uv_size": [1.5, 5]},
								"south": {"uv": [6, 19], "uv_size": [1.5, 5]},
								"west": {"uv": [8, 19], "uv_size": [1.5, 5]},
								"up": {"uv": [26, 13], "uv_size": [1.5, 1.5]},
								"down": {"uv": [15, 27.5], "uv_size": [1.5, -1.5]}
							}
						},
						{
							"origin": [-2.14756, 15.51708, -1.2],
							"size": [1.85, 1, 2.6],
							"uv": {
								"north": {"uv": [23, 20], "uv_size": [2, 1]},
								"east": {"uv": [12, 22], "uv_size": [2.5, 1]},
								"south": {"uv": [23, 21], "uv_size": [2, 1]},
								"west": {"uv": [23, 2], "uv_size": [2.5, 1]},
								"up": {"uv": [12, 19], "uv_size": [2, 2.5]},
								"down": {"uv": [14, 21.5], "uv_size": [2, -2.5]}
							}
						}
					]
				},
				{
					"name": "bone2",
					"parent": "AllBody",
					"pivot": [-4, 19.8, 0.35],
					"cubes": [
						{
							"origin": [-5.25, 18.55, -0.9],
							"size": [2.5, 2.5, 2.5],
							"uv": {
								"north": {"uv": [29, 26], "uv_size": [3.5, 3.5]},
								"east": {"uv": [30, 0], "uv_size": [3.5, 3.5]},
								"south": {"uv": [3, 30], "uv_size": [3.5, 3.5]},
								"west": {"uv": [30, 4], "uv_size": [3.5, 3.5]},
								"up": {"uv": [7, 30], "uv_size": [3.5, 3.5]},
								"down": {"uv": [30, 11.5], "uv_size": [3.5, -3.5]}
							}
						}
					]
				}
			]
		}
	]
}