{
	"format_version": "1.12.0",
	"minecraft:geometry": [
		{
			"description": {
				"identifier": "geometry.steve",
				"texture_width": 128,
				"texture_height": 128,
				"visible_bounds_width": 3,
				"visible_bounds_height": 4,
				"visible_bounds_offset": [0, 2, 0]
			},
			"bones": [
				{
					"name": "Root",
					"pivot": [0, -4, 0]
				},
				{
					"name": "AllBody",
					"parent": "Root",
					"pivot": [0, 8, 0]
				},
				{
					"name": "UpBody",
					"parent": "AllBody",
					"pivot": [0, 10, 0],
					"cubes": [
						{
							"origin": [-3.36125, 9.66925, -1.564],
							"size": [6.7225, 4.29475, 4.578],
							"uv": {
								"north": {"uv": [51, 35], "uv_size": [7, 4]},
								"east": {"uv": [14, 55], "uv_size": [5, 4]},
								"south": {"uv": [52, 48], "uv_size": [7, 4]},
								"west": {"uv": [19, 55], "uv_size": [5, 4]},
								"up": {"uv": [41, 52], "uv_size": [7, 5]},
								"down": {"uv": [48, 57], "uv_size": [7, -5]}
							}
						},
						{
							"origin": [-3.75, 10.9, -2.75],
							"size": [7.5, 3.5, 6.75],
							"uv": {
								"north": {"uv": [64, 21], "uv_size": [8, 4]},
								"east": {"uv": [64, 53], "uv_size": [7, 4]},
								"south": {"uv": [64, 37], "uv_size": [8, 4]},
								"west": {"uv": [64, 57], "uv_size": [7, 4]},
								"up": {"uv": [64, 8], "uv_size": [8, 7]},
								"down": {"uv": [11, 71], "uv_size": [8, -7]}
							}
						},
						{
							"origin": [-1.15, 11.55, -3.6],
							"size": [2.25, 2.25, 1.5],
							"uv": {
								"north": {"uv": [53, 66], "uv_size": [2, 2]},
								"east": {"uv": [0, 67], "uv_size": [2, 2]},
								"south": {"uv": [67, 61], "uv_size": [2, 2]},
								"west": {"uv": [67, 63], "uv_size": [2, 2]},
								"up": {"uv": [67, 65], "uv_size": [2, 2]},
								"down": {"uv": [67, 69], "uv_size": [2, -2]}
							}
						},
						{
							"origin": [-0.60295, 14.19336, -3.325],
							"size": [1.75, 1.5, 0.975],
							"pivot": [0.27205, 15.19336, -2.85],
							"rotation": [0, 0, 22.5],
							"uv": {
								"north": {"uv": [49, 36], "uv_size": [2, 2]},
								"east": {"uv": [43, 49], "uv_size": [2, 2]},
								"south": {"uv": [62, 37], "uv_size": [2, 2]},
								"west": {"uv": [9, 66], "uv_size": [2, 2]},
								"up": {"uv": [37, 66], "uv_size": [2, 2]},
								"down": {"uv": [39, 68], "uv_size": [2, -2]}
							}
						},
						{
							"origin": [-0.9, 13.2, -3.35],
							"size": [1.75, 1.5, 1.05],
							"uv": {
								"north": {"uv": [41, 66], "uv_size": [2, 2]},
								"east": {"uv": [43, 66], "uv_size": [2, 2]},
								"south": {"uv": [45, 66], "uv_size": [2, 2]},
								"west": {"uv": [47, 66], "uv_size": [2, 2]},
								"up": {"uv": [49, 66], "uv_size": [2, 2]},
								"down": {"uv": [51, 68], "uv_size": [2, -2]}
							}
						},
						{
							"origin": [1.35, 11.55, -3.6],
							"size": [2.25, 2.25, 1.5],
							"uv": {
								"north": {"uv": [53, 66], "uv_size": [2, 2]},
								"east": {"uv": [0, 67], "uv_size": [2, 2]},
								"south": {"uv": [67, 61], "uv_size": [2, 2]},
								"west": {"uv": [67, 63], "uv_size": [2, 2]},
								"up": {"uv": [67, 65], "uv_size": [2, 2]},
								"down": {"uv": [67, 69], "uv_size": [2, -2]}
							}
						},
						{
							"origin": [1.89705, 14.19336, -3.325],
							"size": [1.75, 1.5, 0.975],
							"pivot": [2.77205, 15.19336, -2.85],
							"rotation": [0, 0, 22.5],
							"uv": {
								"north": {"uv": [49, 36], "uv_size": [2, 2]},
								"east": {"uv": [43, 49], "uv_size": [2, 2]},
								"south": {"uv": [62, 37], "uv_size": [2, 2]},
								"west": {"uv": [9, 66], "uv_size": [2, 2]},
								"up": {"uv": [37, 66], "uv_size": [2, 2]},
								"down": {"uv": [39, 68], "uv_size": [2, -2]}
							}
						},
						{
							"origin": [1.6, 13.2, -3.35],
							"size": [1.75, 1.5, 1.05],
							"uv": {
								"north": {"uv": [41, 66], "uv_size": [2, 2]},
								"east": {"uv": [43, 66], "uv_size": [2, 2]},
								"south": {"uv": [45, 66], "uv_size": [2, 2]},
								"west": {"uv": [47, 66], "uv_size": [2, 2]},
								"up": {"uv": [49, 66], "uv_size": [2, 2]},
								"down": {"uv": [51, 68], "uv_size": [2, -2]}
							}
						},
						{
							"origin": [-3.2, 10.75, -3.7],
							"size": [1, 4.5, 1],
							"uv": {
								"north": {"uv": [39, 60], "uv_size": [1, 5]},
								"east": {"uv": [63, 39], "uv_size": [1, 5]},
								"south": {"uv": [29, 68], "uv_size": [1, 5]},
								"west": {"uv": [30, 68], "uv_size": [1, 5]},
								"up": {"uv": [26, 24], "uv_size": [1, 1]},
								"down": {"uv": [30, 26], "uv_size": [1, -1]}
							}
						},
						{
							"origin": [-3.7, 14, -4.2],
							"size": [2, 0, 2],
							"uv": {
								"north": {"uv": [0, 0], "uv_size": [2, 0]},
								"east": {"uv": [0, 0], "uv_size": [2, 0]},
								"south": {"uv": [0, 0], "uv_size": [2, 0]},
								"west": {"uv": [0, 0], "uv_size": [2, 0]},
								"up": {"uv": [62, 33], "uv_size": [2, 2]},
								"down": {"uv": [62, 37], "uv_size": [2, -2]}
							}
						},
						{
							"origin": [2.23741, 8.47944, -2.5],
							"size": [1, 3, 1],
							"pivot": [3.26994, 9.74194, -2],
							"rotation": [0, 0, 35],
							"uv": {
								"north": {"uv": [58, 44], "uv_size": [1, 3]},
								"east": {"uv": [59, 54], "uv_size": [1, 3]},
								"south": {"uv": [3, 62], "uv_size": [1, 3]},
								"west": {"uv": [37, 62], "uv_size": [1, 3]},
								"up": {"uv": [30, 27], "uv_size": [1, 1]},
								"down": {"uv": [30, 29], "uv_size": [1, -1]}
							}
						},
						{
							"origin": [3.30247, 8.00444, -2.5],
							"size": [1, 3, 1],
							"pivot": [3.26994, 9.74194, -2],
							"rotation": [0, 0, 35],
							"uv": {
								"north": {"uv": [38, 62], "uv_size": [1, 3]},
								"east": {"uv": [40, 62], "uv_size": [1, 3]},
								"south": {"uv": [41, 62], "uv_size": [1, 3]},
								"west": {"uv": [42, 62], "uv_size": [1, 3]},
								"up": {"uv": [2, 31], "uv_size": [1, 1]},
								"down": {"uv": [32, 4], "uv_size": [1, -1]}
							}
						},
						{
							"origin": [-6, 9.25, -1],
							"size": [1.5, 3, 3],
							"pivot": [-6, 9.25, 0],
							"rotation": [0, 0, 32.5],
							"uv": {
								"north": {"uv": [9, 68], "uv_size": [2, 3]},
								"east": {"uv": [4, 69], "uv_size": [3, 3]},
								"south": {"uv": [53, 68], "uv_size": [2, 3]},
								"west": {"uv": [31, 69], "uv_size": [3, 3]},
								"up": {"uv": [34, 69], "uv_size": [2, 3]},
								"down": {"uv": [49, 72], "uv_size": [2, -3]}
							}
						}
					]
				},
				{
					"name": "UpperBody",
					"parent": "UpBody",
					"pivot": [0, 15, 0],
					"cubes": [
						{
							"origin": [-1.635, 17.85, -1.1575],
							"size": [3.27, 2.18, 3.815],
							"uv": {
								"north": {"uv": [34, 47], "uv_size": [3, 2]},
								"east": {"uv": [29, 45], "uv_size": [4, 2]},
								"south": {"uv": [54, 11], "uv_size": [3, 2]},
								"west": {"uv": [39, 49], "uv_size": [4, 2]},
								"up": {"uv": [49, 62], "uv_size": [3, 4]},
								"down": {"uv": [52, 66], "uv_size": [3, -4]}
							}
						},
						{
							"origin": [-3.6835, 13.964, -2.064],
							"size": [7.367, 4.967, 5.603],
							"uv": {
								"north": {"uv": [7, 51], "uv_size": [7, 5]},
								"east": {"uv": [54, 6], "uv_size": [6, 5]},
								"south": {"uv": [34, 51], "uv_size": [7, 5]},
								"west": {"uv": [54, 20], "uv_size": [6, 5]},
								"up": {"uv": [50, 14], "uv_size": [7, 6]},
								"down": {"uv": [0, 57], "uv_size": [7, -6]}
							}
						},
						{
							"origin": [-3, 17.2, -2.7],
							"size": [6, 2.5, 7],
							"pivot": [0, 16.7, 0.3],
							"rotation": [12.5, 0, 0],
							"uv": {
								"north": {"uv": [63, 50], "uv_size": [6, 3]},
								"east": {"uv": [63, 44], "uv_size": [7, 3]},
								"south": {"uv": [64, 5], "uv_size": [6, 3]},
								"west": {"uv": [63, 47], "uv_size": [7, 3]},
								"up": {"uv": [55, 62], "uv_size": [6, 7]},
								"down": {"uv": [61, 69], "uv_size": [6, -7]}
							}
						},
						{
							"origin": [2, 15, -2.25],
							"size": [1, 4.1, 6],
							"pivot": [2.5, 17, 0.75],
							"rotation": [0, 0, 7.5],
							"uv": {
								"north": {"uv": [30, 14], "uv_size": [1, 4]},
								"east": {"uv": [25, 64], "uv_size": [6, 4]},
								"south": {"uv": [34, 10], "uv_size": [1, 4]},
								"west": {"uv": [65, 0], "uv_size": [6, 4]},
								"up": {"uv": [33, 18], "uv_size": [1, 6]},
								"down": {"uv": [34, 10], "uv_size": [1, -6]}
							}
						},
						{
							"origin": [-3, 15, -2.25],
							"size": [1, 4.1, 6],
							"pivot": [-2.5, 17, 0.75],
							"rotation": [0, 0, -7.5],
							"uv": {
								"north": {"uv": [57, 31], "uv_size": [1, 4]},
								"east": {"uv": [65, 25], "uv_size": [6, 4]},
								"south": {"uv": [57, 44], "uv_size": [1, 4]},
								"west": {"uv": [65, 29], "uv_size": [6, 4]},
								"up": {"uv": [34, 18], "uv_size": [1, 6]},
								"down": {"uv": [37, 27], "uv_size": [1, -6]}
							}
						},
						{
							"origin": [-3, 14, -2.5],
							"size": [6, 3, 6.35],
							"uv": {
								"north": {"uv": [64, 41], "uv_size": [6, 3]},
								"east": {"uv": [65, 33], "uv_size": [6, 3]},
								"south": {"uv": [3, 66], "uv_size": [6, 3]},
								"west": {"uv": [31, 66], "uv_size": [6, 3]},
								"up": {"uv": [64, 15], "uv_size": [6, 6]},
								"down": {"uv": [19, 70], "uv_size": [6, -6]}
							}
						},
						{
							"origin": [-1.5, 15.7, -2.7],
							"size": [3, 1.4, 0.7],
							"pivot": [-0.5, 15.7, -1.7],
							"rotation": [8, 0, 0],
							"uv": {
								"north": {"uv": [54, 25], "uv_size": [3, 2]},
								"east": {"uv": [26, 22], "uv_size": [1, 2]},
								"south": {"uv": [11, 56], "uv_size": [3, 2]},
								"west": {"uv": [28, 29], "uv_size": [1, 2]},
								"up": {"uv": [0, 32], "uv_size": [3, 1]},
								"down": {"uv": [41, 40], "uv_size": [3, -1]}
							}
						}
					]
				},
				{
					"name": "LeftWaistLocator",
					"parent": "UpperBody",
					"pivot": [4, 9, 0],
					"rotation": [-20, 0, 0]
				},
				{
					"name": "RightWaistLocator",
					"parent": "UpperBody",
					"pivot": [-4, 9, 0],
					"rotation": [-5, 0, 0]
				},
				{
					"name": "AllHead",
					"parent": "UpperBody",
					"pivot": [0, 19.4, 0]
				},
				{
					"name": "Head",
					"parent": "AllHead",
					"pivot": [0, 19.4, 0],
					"cubes": [
						{
							"origin": [-4, 19.4, -4],
							"size": [8, 9, 9],
							"uv": {
								"north": {"uv": [9, 33], "uv_size": [8, 9]},
								"east": {"uv": [31, 27], "uv_size": [9, 9]},
								"south": {"uv": [17, 33], "uv_size": [8, 9]},
								"west": {"uv": [0, 33], "uv_size": [9, 9]},
								"up": {"uv": [35, 0], "uv_size": [8, 9]},
								"down": {"uv": [25, 45], "uv_size": [8, -9]}
							}
						},
						{
							"origin": [-4.0625, 27.25013, 2.47421],
							"size": [8.125, 4, 3],
							"pivot": [-0.0625, 27.70738, 1.5],
							"rotation": [-27.5, 0, 0],
							"uv": {
								"north": {"uv": [14, 42], "uv_size": [8, 4]},
								"east": {"uv": [22, 42], "uv_size": [3, 4]},
								"south": {"uv": [42, 14], "uv_size": [8, 4]},
								"west": {"uv": [42, 24], "uv_size": [3, 4]},
								"up": {"uv": [42, 18], "uv_size": [8, 3]},
								"down": {"uv": [42, 24], "uv_size": [8, -3]}
							}
						},
						{
							"origin": [-4.0625, 27.25013, -3.97421],
							"size": [8.125, 4.23087, 2.55649],
							"pivot": [-0.0625, 27.70738, 0],
							"rotation": [27.5, 0, 0],
							"uv": {
								"north": {"uv": [4, 14], "uv_size": [8, 4]},
								"east": {"uv": [16, 3], "uv_size": [3, 4]},
								"south": {"uv": [15, 9], "uv_size": [8, 4]},
								"west": {"uv": [19, 3], "uv_size": [3, 4]},
								"up": {"uv": [12, 15], "uv_size": [8, 3]},
								"down": {"uv": [16, 3], "uv_size": [8, -3]}
							}
						},
						{
							"origin": [-4.075, 25.01475, -5.26764],
							"size": [8.15, 4.20479, 2.60661],
							"uv": {
								"north": {"uv": [0, 0], "uv_size": [8, 4]},
								"east": {"uv": [8, 3], "uv_size": [3, 4]},
								"south": {"uv": [0, 4], "uv_size": [8, 4]},
								"west": {"uv": [8, 7], "uv_size": [3, 4]},
								"up": {"uv": [0, 8], "uv_size": [8, 3]},
								"down": {"uv": [8, 3], "uv_size": [8, -3]}
							}
						},
						{
							"origin": [1.65141, 18.93727, -4.16103],
							"size": [0.7, 1.85, 1],
							"pivot": [1.95141, 19.53727, -3.66103],
							"rotation": [0, 0, 77.5],
							"uv": {
								"north": {"uv": [11, 4], "uv_size": [1, 2]},
								"east": {"uv": [5, 11], "uv_size": [1, 2]},
								"south": {"uv": [6, 11], "uv_size": [1, 2]},
								"west": {"uv": [11, 6], "uv_size": [1, 2]},
								"up": {"uv": [7, 11], "uv_size": [1, 1]},
								"down": {"uv": [8, 12], "uv_size": [1, -1]}
							}
						},
						{
							"origin": [-2.35141, 18.93727, -4.16103],
							"size": [0.7, 1.85, 1],
							"pivot": [-1.95141, 19.53727, -3.66103],
							"rotation": [0, 0, -77.5],
							"uv": {
								"north": {"uv": [9, 12], "uv_size": [1, 2]},
								"east": {"uv": [10, 12], "uv_size": [1, 2]},
								"south": {"uv": [11, 12], "uv_size": [1, 2]},
								"west": {"uv": [12, 11], "uv_size": [1, 2]},
								"up": {"uv": [13, 3], "uv_size": [1, 1]},
								"down": {"uv": [4, 14], "uv_size": [1, -1]}
							}
						},
						{
							"origin": [-1.35622, 19.01475, -4.16103],
							"size": [1.5, 1, 1],
							"pivot": [-1.35622, 19.51475, -3.66103],
							"rotation": [0, 0, 12.5],
							"uv": {
								"north": {"uv": [11, 8], "uv_size": [2, 1]},
								"east": {"uv": [11, 11], "uv_size": [1, 1]},
								"south": {"uv": [9, 11], "uv_size": [2, 1]},
								"west": {"uv": [12, 3], "uv_size": [1, 1]},
								"up": {"uv": [11, 9], "uv_size": [2, 1]},
								"down": {"uv": [11, 11], "uv_size": [2, -1]}
							}
						},
						{
							"origin": [-0.14378, 19.01475, -4.16103],
							"size": [1.5, 1, 1],
							"pivot": [1.35622, 19.51475, -3.66103],
							"rotation": [0, 0, -12.5],
							"uv": {
								"north": {"uv": [12, 4], "uv_size": [2, 1]},
								"east": {"uv": [4, 12], "uv_size": [1, 1]},
								"south": {"uv": [12, 5], "uv_size": [2, 1]},
								"west": {"uv": [12, 7], "uv_size": [1, 1]},
								"up": {"uv": [12, 6], "uv_size": [2, 1]},
								"down": {"uv": [7, 13], "uv_size": [2, -1]}
							}
						},
						{
							"origin": [-4.5125, 19.31475, -4.16103],
							"size": [1, 6, 1.25],
							"pivot": [-4.0125, 23.31475, -3.66103],
							"rotation": [0, 0, -7.5],
							"uv": {
								"north": {"uv": [13, 7], "uv_size": [1, 6]},
								"east": {"uv": [14, 3], "uv_size": [1, 6]},
								"south": {"uv": [14, 9], "uv_size": [1, 6]},
								"west": {"uv": [15, 3], "uv_size": [1, 6]},
								"up": {"uv": [5, 13], "uv_size": [1, 1]},
								"down": {"uv": [6, 14], "uv_size": [1, -1]}
							}
						},
						{
							"origin": [3.5125, 19.31475, -4.16103],
							"size": [1, 6, 1.25],
							"pivot": [4.0125, 23.31475, -3.66103],
							"rotation": [0, 0, 7.5],
							"uv": {
								"north": {"uv": [0, 11], "uv_size": [1, 6]},
								"east": {"uv": [1, 11], "uv_size": [1, 6]},
								"south": {"uv": [2, 11], "uv_size": [1, 6]},
								"west": {"uv": [3, 11], "uv_size": [1, 6]},
								"up": {"uv": [11, 3], "uv_size": [1, 1]},
								"down": {"uv": [4, 12], "uv_size": [1, -1]}
							}
						},
						{
							"origin": [3.38197, 19.92331, -2.16103],
							"size": [1, 6, 1.25],
							"pivot": [3.88197, 22.92331, -1.53603],
							"rotation": [-42.5, 0, 7.5],
							"uv": {
								"north": {"uv": [3, 27], "uv_size": [1, 6]},
								"east": {"uv": [4, 27], "uv_size": [1, 6]},
								"south": {"uv": [5, 27], "uv_size": [1, 6]},
								"west": {"uv": [6, 27], "uv_size": [1, 6]},
								"up": {"uv": [2, 17], "uv_size": [1, 1]},
								"down": {"uv": [3, 18], "uv_size": [1, -1]}
							}
						},
						{
							"origin": [-4.38197, 19.92331, -2.16103],
							"size": [1, 6, 1.25],
							"pivot": [-3.88197, 22.92331, -1.53603],
							"rotation": [-42.5, 0, -7.5],
							"uv": {
								"north": {"uv": [4, 27], "uv_size": [-1, 6]},
								"east": {"uv": [7, 27], "uv_size": [-1, 6]},
								"south": {"uv": [6, 27], "uv_size": [-1, 6]},
								"west": {"uv": [5, 27], "uv_size": [-1, 6]},
								"up": {"uv": [3, 17], "uv_size": [-1, 1]},
								"down": {"uv": [4, 18], "uv_size": [-1, -1]}
							}
						},
						{
							"origin": [1.1925, 28.39495, -3],
							"size": [1.7, 4, 7],
							"pivot": [0.0625, 27.70738, 0],
							"rotation": [0, 0, 42.5],
							"uv": {
								"north": {"uv": [25, 7], "uv_size": [2, 4]},
								"east": {"uv": [20, 13], "uv_size": [7, 4]},
								"south": {"uv": [27, 0], "uv_size": [2, 4]},
								"west": {"uv": [20, 18], "uv_size": [7, 4]},
								"up": {"uv": [23, 3], "uv_size": [2, 7]},
								"down": {"uv": [25, 7], "uv_size": [2, -7]}
							}
						},
						{
							"origin": [-5.31587, 25.0515, -3.025],
							"size": [2, 4.2, 7.025],
							"uv": {
								"north": {"uv": [33, 14], "uv_size": [-2, 5]},
								"east": {"uv": [34, 9], "uv_size": [-7, 5]},
								"south": {"uv": [33, 19], "uv_size": [-2, 5]},
								"west": {"uv": [34, 4], "uv_size": [-7, 5]},
								"up": {"uv": [29, 18], "uv_size": [-2, 7]},
								"down": {"uv": [31, 25], "uv_size": [-2, -7]}
							}
						},
						{
							"origin": [-2.8925, 28.39495, -3],
							"size": [1.7, 4, 7],
							"pivot": [-0.0625, 27.70738, 0],
							"rotation": [0, 0, -42.5],
							"uv": {
								"north": {"uv": [27, 7], "uv_size": [-2, 4]},
								"east": {"uv": [27, 18], "uv_size": [-7, 4]},
								"south": {"uv": [29, 0], "uv_size": [-2, 4]},
								"west": {"uv": [27, 13], "uv_size": [-7, 4]},
								"up": {"uv": [25, 3], "uv_size": [-2, 7]},
								"down": {"uv": [27, 7], "uv_size": [-2, -7]}
							}
						},
						{
							"origin": [3.31587, 20.8015, 4],
							"size": [2, 7.2, 1.5],
							"uv": {
								"north": {"uv": [35, 17], "uv_size": [2, 7]},
								"east": {"uv": [40, 29], "uv_size": [2, 7]},
								"south": {"uv": [33, 40], "uv_size": [2, 7]},
								"west": {"uv": [35, 40], "uv_size": [2, 7]},
								"up": {"uv": [17, 13], "uv_size": [2, 2]},
								"down": {"uv": [18, 9], "uv_size": [2, -2]}
							}
						},
						{
							"origin": [-5.3, 20.8015, 1.5],
							"size": [10.6, 4.275, 2.5],
							"uv": {
								"north": {"uv": [7, 27], "uv_size": [11, 4]},
								"east": {"uv": [16, 18], "uv_size": [3, 4]},
								"south": {"uv": [46, 31], "uv_size": [11, 4]},
								"west": {"uv": [0, 27], "uv_size": [3, 4]},
								"up": {"uv": [47, 0], "uv_size": [11, 3]},
								"down": {"uv": [47, 6], "uv_size": [11, -3]}
							}
						},
						{
							"origin": [-5.3, 24.3015, 1.2],
							"size": [10.6, 2.075, 1],
							"pivot": [4.3, 24.339, 2.45],
							"rotation": [40, 0, 0],
							"uv": {
								"north": {"uv": [7, 31], "uv_size": [11, 2]},
								"east": {"uv": [19, 18], "uv_size": [1, 2]},
								"south": {"uv": [18, 31], "uv_size": [11, 2]},
								"west": {"uv": [19, 20], "uv_size": [1, 2]},
								"up": {"uv": [43, 8], "uv_size": [11, 1]},
								"down": {"uv": [14, 47], "uv_size": [11, -1]}
							}
						},
						{
							"origin": [3.31587, 26.72195, 4.02055],
							"size": [2, 1.96622, 0.98026],
							"pivot": [4.31587, 27.90004, 3.87055],
							"rotation": [49.75, 0, 0],
							"uv": {
								"north": {"uv": [12, 13], "uv_size": [2, 2]},
								"east": {"uv": [16, 7], "uv_size": [1, 2]},
								"south": {"uv": [15, 13], "uv_size": [2, 2]},
								"west": {"uv": [17, 7], "uv_size": [1, 2]},
								"up": {"uv": [7, 13], "uv_size": [2, 1]},
								"down": {"uv": [0, 18], "uv_size": [2, -1]}
							}
						},
						{
							"origin": [-5.31587, 20.8015, 4],
							"size": [2, 7.2, 1.5],
							"uv": {
								"north": {"uv": [37, 17], "uv_size": [-2, 7]},
								"east": {"uv": [37, 40], "uv_size": [-2, 7]},
								"south": {"uv": [35, 40], "uv_size": [-2, 7]},
								"west": {"uv": [42, 29], "uv_size": [-2, 7]},
								"up": {"uv": [19, 13], "uv_size": [-2, 2]},
								"down": {"uv": [20, 9], "uv_size": [-2, -2]}
							}
						},
						{
							"origin": [-5.31587, 26.72195, 4.02055],
							"size": [2, 1.96622, 0.98026],
							"pivot": [-4.31587, 27.90004, 3.87055],
							"rotation": [49.75, 0, 0],
							"uv": {
								"north": {"uv": [14, 13], "uv_size": [-2, 2]},
								"east": {"uv": [18, 7], "uv_size": [-1, 2]},
								"south": {"uv": [17, 13], "uv_size": [-2, 2]},
								"west": {"uv": [17, 7], "uv_size": [-1, 2]},
								"up": {"uv": [9, 13], "uv_size": [-2, 1]},
								"down": {"uv": [2, 18], "uv_size": [-2, -1]}
							}
						},
						{
							"origin": [3.31587, 25.0515, -3.025],
							"size": [2, 4.2, 7.025],
							"uv": {
								"north": {"uv": [31, 14], "uv_size": [2, 5]},
								"east": {"uv": [27, 4], "uv_size": [7, 5]},
								"south": {"uv": [31, 19], "uv_size": [2, 5]},
								"west": {"uv": [27, 9], "uv_size": [7, 5]},
								"up": {"uv": [27, 18], "uv_size": [2, 7]},
								"down": {"uv": [29, 25], "uv_size": [2, -7]}
							}
						},
						{
							"origin": [-4.0625, 20.76475, 3.66103],
							"size": [8.125, 8.25, 3],
							"uv": {
								"north": {"uv": [37, 40], "uv_size": [8, 9]},
								"east": {"uv": [8, 42], "uv_size": [3, 9]},
								"south": {"uv": [0, 42], "uv_size": [8, 9]},
								"west": {"uv": [11, 42], "uv_size": [3, 9]},
								"up": {"uv": [41, 9], "uv_size": [8, 3]},
								"down": {"uv": [41, 39], "uv_size": [8, -3]}
							}
						},
						{
							"origin": [-1, 23.5, -4.5],
							"size": [2, 1, 1.975],
							"uv": {
								"north": {"uv": [40, 19], "uv_size": [2, 1]},
								"east": {"uv": [40, 20], "uv_size": [2, 1]},
								"south": {"uv": [40, 21], "uv_size": [2, 1]},
								"west": {"uv": [40, 22], "uv_size": [2, 1]},
								"up": {"uv": [38, 25], "uv_size": [2, 2]},
								"down": {"uv": [33, 40], "uv_size": [2, -2]}
							}
						},
						{
							"origin": [0.86242, 22.48318, -4.5],
							"size": [3, 1, 1.975],
							"pivot": [1.86242, 22.98318, -3.525],
							"rotation": [0, 0, -12.5],
							"uv": {
								"north": {"uv": [25, 17], "uv_size": [3, 1]},
								"east": {"uv": [28, 17], "uv_size": [2, 1]},
								"south": {"uv": [25, 35], "uv_size": [3, 1]},
								"west": {"uv": [40, 14], "uv_size": [2, 1]},
								"up": {"uv": [35, 13], "uv_size": [3, 2]},
								"down": {"uv": [35, 17], "uv_size": [3, -2]}
							}
						},
						{
							"origin": [0.97324, 22.92791, -4.525],
							"size": [2.95, 1.65, 2],
							"uv": {
								"north": {"uv": [25, 33], "uv_size": [3, 2]},
								"east": {"uv": [38, 13], "uv_size": [2, 2]},
								"south": {"uv": [28, 33], "uv_size": [3, 2]},
								"west": {"uv": [38, 15], "uv_size": [2, 2]},
								"up": {"uv": [35, 9], "uv_size": [3, 2]},
								"down": {"uv": [35, 13], "uv_size": [3, -2]}
							}
						},
						{
							"origin": [-1.4174, 23.38278, -4.45],
							"size": [2, 1, 1.925],
							"pivot": [-0.4174, 23.13278, -3.525],
							"rotation": [0, 0, -70],
							"uv": {
								"north": {"uv": [40, 23], "uv_size": [2, 1]},
								"east": {"uv": [40, 24], "uv_size": [2, 1]},
								"south": {"uv": [40, 25], "uv_size": [2, 1]},
								"west": {"uv": [40, 26], "uv_size": [2, 1]},
								"up": {"uv": [39, 36], "uv_size": [2, 2]},
								"down": {"uv": [39, 40], "uv_size": [2, -2]}
							}
						},
						{
							"origin": [-3.86242, 22.48318, -4.5],
							"size": [3, 1, 1.975],
							"pivot": [-1.86242, 22.98318, -3.525],
							"rotation": [0, 0, 12.5],
							"uv": {
								"north": {"uv": [28, 35], "uv_size": [3, 1]},
								"east": {"uv": [40, 27], "uv_size": [2, 1]},
								"south": {"uv": [40, 13], "uv_size": [3, 1]},
								"west": {"uv": [40, 28], "uv_size": [2, 1]},
								"up": {"uv": [38, 9], "uv_size": [3, 2]},
								"down": {"uv": [38, 13], "uv_size": [3, -2]}
							}
						},
						{
							"origin": [-3.92324, 22.92791, -4.525],
							"size": [2.95, 1.65, 2],
							"uv": {
								"north": {"uv": [33, 36], "uv_size": [3, 2]},
								"east": {"uv": [35, 38], "uv_size": [2, 2]},
								"south": {"uv": [36, 36], "uv_size": [3, 2]},
								"west": {"uv": [37, 38], "uv_size": [2, 2]},
								"up": {"uv": [37, 17], "uv_size": [3, 2]},
								"down": {"uv": [37, 21], "uv_size": [3, -2]}
							}
						},
						{
							"origin": [-0.5826, 23.38278, -4.45],
							"size": [2, 1, 1.925],
							"pivot": [0.4174, 23.13278, -3.525],
							"rotation": [0, 0, 70],
							"uv": {
								"north": {"uv": [40, 15], "uv_size": [2, 1]},
								"east": {"uv": [40, 16], "uv_size": [2, 1]},
								"south": {"uv": [40, 17], "uv_size": [2, 1]},
								"west": {"uv": [40, 18], "uv_size": [2, 1]},
								"up": {"uv": [38, 21], "uv_size": [2, 2]},
								"down": {"uv": [38, 25], "uv_size": [2, -2]}
							}
						},
						{
							"origin": [-1.5, 25.7, -5.55],
							"size": [3, 2, 1],
							"uv": {
								"north": {"uv": [20, 7], "uv_size": [3, 2]},
								"east": {"uv": [19, 13], "uv_size": [1, 2]},
								"south": {"uv": [27, 14], "uv_size": [3, 2]},
								"west": {"uv": [22, 3], "uv_size": [1, 2]},
								"up": {"uv": [20, 17], "uv_size": [3, 1]},
								"down": {"uv": [27, 17], "uv_size": [3, -1]}
							}
						},
						{
							"origin": [-4.85452, 28.01697, -6.8],
							"size": [1.75, 4, 1.75],
							"pivot": [-2.98996, 28.86722, -5.89375],
							"rotation": [-19.14314, -5.90316, -19.00371],
							"uv": {
								"north": {"uv": [44, 28], "uv_size": [2, 4]},
								"east": {"uv": [44, 32], "uv_size": [2, 4]},
								"south": {"uv": [45, 0], "uv_size": [2, 4]},
								"west": {"uv": [45, 4], "uv_size": [2, 4]},
								"up": {"uv": [33, 24], "uv_size": [2, 2]},
								"down": {"uv": [35, 26], "uv_size": [2, -2]}
							}
						},
						{
							"origin": [-3.99825, 26.78344, -6.725],
							"size": [2.25, 1.65, 1.725],
							"pivot": [-2.98996, 28.86722, -5.89375],
							"rotation": [-19.5623, -4.2453, -14.26782],
							"uv": {
								"north": {"uv": [43, 12], "uv_size": [2, 2]},
								"east": {"uv": [45, 12], "uv_size": [2, 2]},
								"south": {"uv": [45, 24], "uv_size": [2, 2]},
								"west": {"uv": [25, 45], "uv_size": [2, 2]},
								"up": {"uv": [45, 26], "uv_size": [2, 2]},
								"down": {"uv": [27, 47], "uv_size": [2, -2]}
							}
						},
						{
							"origin": [0.9, 28.1, -6.8],
							"size": [1.75, 4, 1.75],
							"pivot": [2.98996, 28.86722, -5.89375],
							"rotation": [-19.9299, 1.70818, 7.19986],
							"uv": {
								"north": {"uv": [44, 28], "uv_size": [-2, 4]},
								"east": {"uv": [45, 4], "uv_size": [-2, 4]},
								"south": {"uv": [45, 0], "uv_size": [-2, 4]},
								"west": {"uv": [44, 32], "uv_size": [-2, 4]},
								"up": {"uv": [27, 11], "uv_size": [-2, 2]},
								"down": {"uv": [33, 26], "uv_size": [-2, -2]}
							}
						},
						{
							"origin": [3.10452, 28.01697, -6.8],
							"size": [1.75, 4, 1.75],
							"pivot": [2.98996, 28.86722, -5.89375],
							"rotation": [-19.14314, 5.90316, 19.00371],
							"uv": {
								"north": {"uv": [46, 28], "uv_size": [-2, 4]},
								"east": {"uv": [47, 4], "uv_size": [-2, 4]},
								"south": {"uv": [47, 0], "uv_size": [-2, 4]},
								"west": {"uv": [46, 32], "uv_size": [-2, 4]},
								"up": {"uv": [35, 24], "uv_size": [-2, 2]},
								"down": {"uv": [37, 26], "uv_size": [-2, -2]}
							}
						},
						{
							"origin": [1.74825, 26.78344, -6.725],
							"size": [2.25, 1.65, 1.725],
							"pivot": [2.98996, 28.86722, -5.89375],
							"rotation": [-19.5623, 4.2453, 14.26782],
							"uv": {
								"north": {"uv": [45, 12], "uv_size": [-2, 2]},
								"east": {"uv": [27, 45], "uv_size": [-2, 2]},
								"south": {"uv": [47, 24], "uv_size": [-2, 2]},
								"west": {"uv": [47, 12], "uv_size": [-2, 2]},
								"up": {"uv": [47, 26], "uv_size": [-2, 2]},
								"down": {"uv": [29, 47], "uv_size": [-2, -2]}
							}
						},
						{
							"origin": [-2.65, 28.1, -6.8],
							"size": [1.75, 4, 1.75],
							"pivot": [-2.98996, 28.86722, -5.89375],
							"rotation": [-19.9299, -1.70818, -7.19986],
							"uv": {
								"north": {"uv": [42, 28], "uv_size": [2, 4]},
								"east": {"uv": [42, 32], "uv_size": [2, 4]},
								"south": {"uv": [43, 0], "uv_size": [2, 4]},
								"west": {"uv": [43, 4], "uv_size": [2, 4]},
								"up": {"uv": [25, 11], "uv_size": [2, 2]},
								"down": {"uv": [31, 26], "uv_size": [2, -2]}
							}
						},
						{
							"origin": [-4, 28.4, -3],
							"size": [8, 2, 7],
							"uv": {
								"north": {"uv": [0, 25], "uv_size": [8, 2]},
								"east": {"uv": [16, 25], "uv_size": [7, 2]},
								"south": {"uv": [8, 25], "uv_size": [8, 2]},
								"west": {"uv": [23, 25], "uv_size": [7, 2]},
								"up": {"uv": [0, 18], "uv_size": [8, 7]},
								"down": {"uv": [8, 25], "uv_size": [8, -7]}
							}
						},
						{
							"origin": [-6, 21.4, -1],
							"size": [12, 3, 3.25],
							"uv": {
								"north": {"uv": [45, 39], "uv_size": [12, 3]},
								"east": {"uv": [20, 22], "uv_size": [3, 3]},
								"south": {"uv": [45, 42], "uv_size": [12, 3]},
								"west": {"uv": [23, 22], "uv_size": [3, 3]},
								"up": {"uv": [45, 45], "uv_size": [12, 3]},
								"down": {"uv": [46, 31], "uv_size": [12, -3]}
							}
						},
						{
							"origin": [5.1, 27.3, -1],
							"size": [1.75, 2.25, 4],
							"pivot": [6.1, 28.425, -0.25],
							"rotation": [0, -10, 12.5],
							"uv": {
								"north": {"uv": [28, 27], "uv_size": [2, 2]},
								"east": {"uv": [16, 22], "uv_size": [4, 2]},
								"south": {"uv": [29, 0], "uv_size": [2, 2]},
								"west": {"uv": [18, 27], "uv_size": [4, 2]},
								"up": {"uv": [22, 27], "uv_size": [2, 4]},
								"down": {"uv": [24, 31], "uv_size": [2, -4]}
							}
						},
						{
							"origin": [5.35, 27.55, -2],
							"size": [1.25, 1.25, 1],
							"pivot": [6.1, 28.425, -0.25],
							"rotation": [0, -10, 12.5],
							"uv": {
								"north": {"uv": [23, 10], "uv_size": [2, 2]},
								"east": {"uv": [22, 5], "uv_size": [1, 2]},
								"south": {"uv": [26, 27], "uv_size": [2, 2]},
								"west": {"uv": [24, 0], "uv_size": [1, 2]},
								"up": {"uv": [23, 12], "uv_size": [2, 1]},
								"down": {"uv": [23, 18], "uv_size": [2, -1]}
							}
						},
						{
							"origin": [-6.39938, 26.29715, 0.25],
							"size": [2, 1, 1],
							"pivot": [-5.99435, 26.87658, 0.75],
							"rotation": [0, 0, 45],
							"uv": {
								"north": {"uv": [29, 2], "uv_size": [2, 1]},
								"east": {"uv": [24, 2], "uv_size": [1, 1]},
								"south": {"uv": [18, 29], "uv_size": [2, 1]},
								"west": {"uv": [19, 24], "uv_size": [1, 1]},
								"up": {"uv": [20, 29], "uv_size": [2, 1]},
								"down": {"uv": [26, 30], "uv_size": [2, -1]}
							}
						},
						{
							"origin": [-7.19862, 26.94099, -0.75],
							"size": [2, 1, 3],
							"pivot": [-5.99435, 26.87658, 0.75],
							"rotation": [0, 0, -17.5],
							"uv": {
								"north": {"uv": [18, 30], "uv_size": [2, 1]},
								"east": {"uv": [16, 24], "uv_size": [3, 1]},
								"south": {"uv": [20, 30], "uv_size": [2, 1]},
								"west": {"uv": [29, 3], "uv_size": [3, 1]},
								"up": {"uv": [29, 29], "uv_size": [2, 3]},
								"down": {"uv": [31, 3], "uv_size": [2, -3]}
							}
						},
						{
							"origin": [-3.5, 21.4, 6],
							"size": [7, 4, 2],
							"uv": {
								"north": {"uv": [47, 24], "uv_size": [7, 4]},
								"east": {"uv": [33, 0], "uv_size": [2, 4]},
								"south": {"uv": [45, 48], "uv_size": [7, 4]},
								"west": {"uv": [33, 14], "uv_size": [2, 4]},
								"up": {"uv": [47, 6], "uv_size": [7, 2]},
								"down": {"uv": [47, 14], "uv_size": [7, -2]}
							}
						},
						{
							"origin": [-2.5, 20.4, 5],
							"size": [5, 1, 2],
							"uv": {
								"north": {"uv": [30, 26], "uv_size": [5, 1]},
								"east": {"uv": [26, 30], "uv_size": [2, 1]},
								"south": {"uv": [46, 35], "uv_size": [5, 1]},
								"west": {"uv": [0, 31], "uv_size": [2, 1]},
								"up": {"uv": [49, 9], "uv_size": [5, 2]},
								"down": {"uv": [34, 51], "uv_size": [5, -2]}
							}
						}
					]
				},
				{
					"name": "Hat",
					"parent": "Head",
					"pivot": [0, 19.4, 0]
				},
				{
					"name": "Jacket",
					"parent": "UpperBody",
					"pivot": [0, 20, 0]
				},
				{
					"name": "cape",
					"parent": "UpperBody",
					"pivot": [0, 20, -3]
				},
				{
					"name": "Arm",
					"parent": "UpperBody",
					"pivot": [0, 19.25, 0.75]
				},
				{
					"name": "RightArm",
					"parent": "Arm",
					"pivot": [-4.14997, 18.52622, 0.75],
					"rotation": [0, 0, 7.5],
					"cubes": [
						{
							"origin": [-6.51089, 14.40424, -1.5],
							"size": [3.75, 5, 4.5],
							"uv": {
								"north": {"uv": [71, 53], "uv_size": [4, 5]},
								"east": {"uv": [70, 41], "uv_size": [5, 5]},
								"south": {"uv": [71, 67], "uv_size": [4, 5]},
								"west": {"uv": [71, 0], "uv_size": [5, 5]},
								"up": {"uv": [72, 5], "uv_size": [4, 5]},
								"down": {"uv": [72, 15], "uv_size": [4, -5]}
							}
						},
						{
							"origin": [-7.26089, 15.90424, -0.25],
							"size": [2, 2, 2],
							"uv": {
								"north": {"uv": [38, 58], "uv_size": [-2, 2]},
								"east": {"uv": [39, 60], "uv_size": [-2, 2]},
								"south": {"uv": [34, 59], "uv_size": [-2, 2]},
								"west": {"uv": [40, 58], "uv_size": [-2, 2]},
								"up": {"uv": [63, 39], "uv_size": [-2, 2]},
								"down": {"uv": [63, 43], "uv_size": [-2, -2]}
							}
						},
						{
							"origin": [-7.52954, 16.98255, -0.25],
							"size": [0, 1, 2],
							"pivot": [-7.52954, 17.48255, 0.75],
							"rotation": [0, 0, 32.5],
							"uv": {
								"north": {"uv": [0, 0], "uv_size": [0, 1]},
								"east": {"uv": [37, 26], "uv_size": [-2, 1]},
								"south": {"uv": [0, 0], "uv_size": [0, 1]},
								"west": {"uv": [31, 32], "uv_size": [-2, 1]},
								"up": {"uv": [0, 0], "uv_size": [0, 2]},
								"down": {"uv": [0, 2], "uv_size": [0, -2]}
							}
						},
						{
							"origin": [-6.01089, 13.75424, -1.25],
							"size": [2.75, 5.15, 4],
							"uv": {
								"north": {"uv": [11, 61], "uv_size": [-3, 5]},
								"east": {"uv": [32, 55], "uv_size": [-4, 5]},
								"south": {"uv": [64, 10], "uv_size": [-3, 5]},
								"west": {"uv": [28, 55], "uv_size": [-4, 5]},
								"up": {"uv": [7, 57], "uv_size": [-3, 4]},
								"down": {"uv": [60, 20], "uv_size": [-3, -4]}
							}
						}
					]
				},
				{
					"name": "RightSleeve",
					"parent": "RightArm",
					"pivot": [-5.01089, 17.40424, 0.75]
				},
				{
					"name": "RightForeArm",
					"parent": "RightArm",
					"pivot": [-4.51089, 13.40424, 0.75],
					"cubes": [
						{
							"origin": [-6.26089, 8.40424, -1.25],
							"size": [3, 5.35, 4],
							"uv": {
								"north": {"uv": [0, 62], "uv_size": [3, 5]},
								"east": {"uv": [0, 57], "uv_size": [4, 5]},
								"south": {"uv": [62, 0], "uv_size": [3, 5]},
								"west": {"uv": [57, 11], "uv_size": [4, 5]},
								"up": {"uv": [43, 62], "uv_size": [3, 4]},
								"down": {"uv": [46, 66], "uv_size": [3, -4]}
							}
						},
						{
							"origin": [-6.76089, 10.15424, -1.5],
							"size": [3.75, 1, 4.5],
							"uv": {
								"north": {"uv": [49, 68], "uv_size": [4, 1]},
								"east": {"uv": [65, 4], "uv_size": [5, 1]},
								"south": {"uv": [0, 69], "uv_size": [4, 1]},
								"west": {"uv": [65, 36], "uv_size": [5, 1]},
								"up": {"uv": [41, 68], "uv_size": [4, 5]},
								"down": {"uv": [45, 73], "uv_size": [4, -5]}
							}
						}
					]
				},
				{
					"name": "rightForeSleeve",
					"parent": "RightForeArm",
					"pivot": [-5.01089, 10.90424, 0.75]
				},
				{
					"name": "RightHand",
					"parent": "RightForeArm",
					"pivot": [-6.01089, 13.40424, 0.75]
				},
				{
					"name": "RightHandLocator",
					"parent": "RightHand",
					"pivot": [-5.01089, 9.40424, 0.75]
				},
				{
					"name": "RightItem",
					"parent": "RightArm",
					"pivot": [-6.01089, 10.40424, 1.75]
				},
				{
					"name": "LeftArm",
					"parent": "Arm",
					"pivot": [4.39783, 18.55885, 0.75],
					"rotation": [0, 0, -7.5],
					"cubes": [
						{
							"origin": [3.50875, 13.78688, -1.25],
							"size": [2.75, 5.15, 4],
							"uv": {
								"north": {"uv": [8, 61], "uv_size": [3, 5]},
								"east": {"uv": [24, 55], "uv_size": [4, 5]},
								"south": {"uv": [61, 10], "uv_size": [3, 5]},
								"west": {"uv": [28, 55], "uv_size": [4, 5]},
								"up": {"uv": [4, 57], "uv_size": [3, 4]},
								"down": {"uv": [57, 20], "uv_size": [3, -4]}
							}
						},
						{
							"origin": [5.50875, 15.93688, -0.25],
							"size": [2, 2, 2],
							"uv": {
								"north": {"uv": [36, 58], "uv_size": [2, 2]},
								"east": {"uv": [38, 58], "uv_size": [2, 2]},
								"south": {"uv": [32, 59], "uv_size": [2, 2]},
								"west": {"uv": [37, 60], "uv_size": [2, 2]},
								"up": {"uv": [61, 39], "uv_size": [2, 2]},
								"down": {"uv": [61, 43], "uv_size": [2, -2]}
							}
						},
						{
							"origin": [7.7774, 17.01518, -0.25],
							"size": [0, 1, 2],
							"pivot": [7.7774, 17.51518, 0.75],
							"rotation": [0, 0, -32.5],
							"uv": {
								"north": {"uv": [0, 0], "uv_size": [0, 1]},
								"east": {"uv": [29, 32], "uv_size": [2, 1]},
								"south": {"uv": [0, 0], "uv_size": [0, 1]},
								"west": {"uv": [35, 26], "uv_size": [2, 1]},
								"up": {"uv": [0, 0], "uv_size": [0, 2]},
								"down": {"uv": [0, 2], "uv_size": [0, -2]}
							}
						},
						{
							"origin": [3.00875, 14.43688, -1.5],
							"size": [3.75, 5, 4.5],
							"uv": {
								"north": {"uv": [8, 71], "uv_size": [4, 5]},
								"east": {"uv": [70, 15], "uv_size": [5, 5]},
								"south": {"uv": [12, 71], "uv_size": [4, 5]},
								"west": {"uv": [19, 70], "uv_size": [5, 5]},
								"up": {"uv": [71, 25], "uv_size": [4, 5]},
								"down": {"uv": [71, 35], "uv_size": [4, -5]}
							}
						}
					]
				},
				{
					"name": "LeftSleeve",
					"parent": "LeftArm",
					"pivot": [5.25875, 17.43688, 0.75]
				},
				{
					"name": "LeftForeArm",
					"parent": "LeftArm",
					"pivot": [4.75875, 13.43688, 0.75],
					"cubes": [
						{
							"origin": [3.50875, 8.43687, -1.25],
							"size": [3, 5.35, 4],
							"uv": {
								"north": {"uv": [31, 61], "uv_size": [3, 5]},
								"east": {"uv": [55, 52], "uv_size": [4, 5]},
								"south": {"uv": [34, 61], "uv_size": [3, 5]},
								"west": {"uv": [7, 56], "uv_size": [4, 5]},
								"up": {"uv": [62, 25], "uv_size": [3, 4]},
								"down": {"uv": [62, 33], "uv_size": [3, -4]}
							}
						},
						{
							"origin": [3.25875, 10.18688, -1.5],
							"size": [3.75, 1, 4.5],
							"uv": {
								"north": {"uv": [41, 51], "uv_size": [4, 1]},
								"east": {"uv": [49, 11], "uv_size": [5, 1]},
								"south": {"uv": [54, 27], "uv_size": [4, 1]},
								"west": {"uv": [3, 65], "uv_size": [5, 1]},
								"up": {"uv": [25, 68], "uv_size": [4, 5]},
								"down": {"uv": [37, 73], "uv_size": [4, -5]}
							}
						}
					]
				},
				{
					"name": "LeftHand",
					"parent": "LeftForeArm",
					"pivot": [6.25875, 13.43688, 0.75]
				},
				{
					"name": "LeftHandLocator",
					"parent": "LeftHand",
					"pivot": [5.25875, 9.43688, 0.75]
				},
				{
					"name": "LeftForeSleeve",
					"parent": "LeftForeArm",
					"pivot": [5.25875, 10.93688, 0.75]
				},
				{
					"name": "LeftItem",
					"parent": "LeftArm",
					"pivot": [6.25875, 10.43688, 1.75]
				},
				{
					"name": "ElytraLocator",
					"parent": "UpperBody",
					"pivot": [0, 19, 2]
				},
				{
					"name": "RifleLocator",
					"parent": "UpperBody",
					"pivot": [0, 14, 2],
					"rotation": [0, 0, 45]
				},
				{
					"name": "PistolLocator",
					"parent": "UpperBody",
					"pivot": [-4, 11, 0],
					"rotation": [-30, 0, 0]
				},
				{
					"name": "DownBody",
					"parent": "AllBody",
					"pivot": [-1.9, 7.4, 0.5]
				},
				{
					"name": "LeftLeg",
					"parent": "DownBody",
					"pivot": [1.9, 9.72942, 0.49676],
					"rotation": [0, 0, -2.5],
					"cubes": [
						{
							"origin": [0.26819, 4.68866, -1.75324],
							"size": [4, 5, 4.5],
							"uv": {
								"north": {"uv": [58, 30], "uv_size": [4, 5]},
								"east": {"uv": [11, 59], "uv_size": [4, 5]},
								"south": {"uv": [15, 59], "uv_size": [4, 5]},
								"west": {"uv": [19, 59], "uv_size": [4, 5]},
								"up": {"uv": [27, 60], "uv_size": [4, 4]},
								"down": {"uv": [60, 58], "uv_size": [4, -4]}
							}
						},
						{
							"origin": [1.01819, 3.88866, -2.00324],
							"size": [2, 2, 2],
							"uv": {
								"north": {"uv": [32, 55], "uv_size": [2, 2]},
								"east": {"uv": [34, 56], "uv_size": [2, 2]},
								"south": {"uv": [36, 56], "uv_size": [2, 2]},
								"west": {"uv": [38, 56], "uv_size": [2, 2]},
								"up": {"uv": [32, 57], "uv_size": [2, 2]},
								"down": {"uv": [34, 60], "uv_size": [2, -2]}
							}
						}
					]
				},
				{
					"name": "LeftLowerPants",
					"parent": "LeftLeg",
					"pivot": [2.86819, 6.68866, 0.49676]
				},
				{
					"name": "LeftLowerLeg",
					"parent": "LeftLeg",
					"pivot": [1.86819, 4.68866, 0.49676],
					"cubes": [
						{
							"origin": [0.26819, -0.31134, -1.50324],
							"size": [3.5, 5, 4],
							"uv": {
								"north": {"uv": [59, 44], "uv_size": [4, 5]},
								"east": {"uv": [59, 49], "uv_size": [4, 5]},
								"south": {"uv": [60, 5], "uv_size": [4, 5]},
								"west": {"uv": [60, 16], "uv_size": [4, 5]},
								"up": {"uv": [60, 58], "uv_size": [4, 4]},
								"down": {"uv": [4, 65], "uv_size": [4, -4]}
							}
						}
					]
				},
				{
					"name": "LeftPants",
					"parent": "LeftLowerLeg",
					"pivot": [2.86819, -0.31134, 0.49676]
				},
				{
					"name": "RightLeg",
					"parent": "DownBody",
					"pivot": [-1.65, 9.72942, 0.49676],
					"rotation": [0, 0, 2.5],
					"cubes": [
						{
							"origin": [-4.26819, 4.68866, -1.75324],
							"size": [4, 5, 4.5],
							"uv": {
								"north": {"uv": [57, 39], "uv_size": [4, 5]},
								"east": {"uv": [40, 57], "uv_size": [4, 5]},
								"south": {"uv": [44, 57], "uv_size": [4, 5]},
								"west": {"uv": [48, 57], "uv_size": [4, 5]},
								"up": {"uv": [50, 20], "uv_size": [4, 4]},
								"down": {"uv": [58, 39], "uv_size": [4, -4]}
							}
						},
						{
							"origin": [-3.01819, 3.88866, -2.00324],
							"size": [2, 2, 2],
							"uv": {
								"north": {"uv": [34, 55], "uv_size": [-2, 2]},
								"east": {"uv": [40, 56], "uv_size": [-2, 2]},
								"south": {"uv": [38, 56], "uv_size": [-2, 2]},
								"west": {"uv": [36, 56], "uv_size": [-2, 2]},
								"up": {"uv": [34, 57], "uv_size": [-2, 2]},
								"down": {"uv": [36, 60], "uv_size": [-2, -2]}
							}
						}
					]
				},
				{
					"name": "RightLowerPants",
					"parent": "RightLeg",
					"pivot": [-2.61819, 6.68866, 0.49676]
				},
				{
					"name": "RightLowerLeg",
					"parent": "RightLeg",
					"pivot": [-1.61819, 4.68866, 0.49676],
					"cubes": [
						{
							"origin": [-3.76819, -0.31134, -1.50324],
							"size": [3.5, 5, 4],
							"uv": {
								"north": {"uv": [52, 57], "uv_size": [4, 5]},
								"east": {"uv": [56, 57], "uv_size": [4, 5]},
								"south": {"uv": [58, 0], "uv_size": [4, 5]},
								"west": {"uv": [58, 25], "uv_size": [4, 5]},
								"up": {"uv": [60, 21], "uv_size": [4, 4]},
								"down": {"uv": [23, 64], "uv_size": [4, -4]}
							}
						}
					]
				},
				{
					"name": "RightPants",
					"parent": "RightLowerLeg",
					"pivot": [-2.61819, -0.31134, 0.49676]
				}
			]
		}
	]
}