{
	"format_version": "1.12.0",
	"minecraft:geometry": [
		{
			"description": {
				"identifier": "geometry.unknown",
				"texture_width": 128,
				"texture_height": 128,
				"visible_bounds_width": 4,
				"visible_bounds_height": 3.5,
				"visible_bounds_offset": [0, 1.25, 0]
			},
			"bones": [
				{
					"name": "right_leg7",
					"pivot": [-2.00146, 22.68402, 5.65625],
					"rotation": [0, -90, 0],
					"cubes": [
						{
							"origin": [-10.67324, 20.32242, 5.2],
							"size": [5, 2, 1.925],
							"pivot": [-4.17324, 23.82242, 5.65],
							"rotation": [0, 0, -45],
							"uv": {
								"north": {"uv": [21, 61], "uv_size": [5, 2]},
								"east": {"uv": [71, 36], "uv_size": [2, 2]},
								"south": {"uv": [61, 24], "uv_size": [5, 2]},
								"west": {"uv": [37, 71], "uv_size": [2, 2]},
								"up": {"uv": [61, 27], "uv_size": [5, 2]},
								"down": {"uv": [61, 32], "uv_size": [5, -2]}
							}
						},
						{
							"origin": [-7.56055, 18.83764, 5.15],
							"size": [7, 2.3, 2],
							"pivot": [-3.56055, 19.83764, 5.65],
							"rotation": [0, 0, -62.5],
							"uv": {
								"north": {"uv": [53, 24], "uv_size": [7, 2]},
								"east": {"uv": [40, 71], "uv_size": [2, 2]},
								"south": {"uv": [53, 27], "uv_size": [7, 2]},
								"west": {"uv": [54, 71], "uv_size": [2, 2]},
								"up": {"uv": [53, 30], "uv_size": [7, 2]},
								"down": {"uv": [47, 56], "uv_size": [7, -2]}
							}
						}
					]
				},
				{
					"name": "right_leg8",
					"parent": "right_leg7",
					"pivot": [-6.63151, 18.51402, 5.66667],
					"cubes": [
						{
							"origin": [-8.43612, 22.13906, 5.475],
							"size": [6, 1.25, 1.4],
							"pivot": [-9.93612, 23.88906, 5.65],
							"rotation": [0, 0, 50],
							"uv": {
								"north": {"uv": [67, 31], "uv_size": [6, 1]},
								"east": {"uv": [18, 76], "uv_size": [1, 1]},
								"south": {"uv": [67, 58], "uv_size": [6, 1]},
								"west": {"uv": [76, 18], "uv_size": [1, 1]},
								"up": {"uv": [4, 68], "uv_size": [6, 1]},
								"down": {"uv": [68, 8], "uv_size": [6, -1]}
							}
						},
						{
							"origin": [-10.4266, 17.62047, 5.4],
							"size": [6, 2.25, 1.5],
							"pivot": [-7.4266, 20.12047, 5.65],
							"rotation": [0, 0, 37.5],
							"uv": {
								"north": {"uv": [56, 18], "uv_size": [6, 2]},
								"east": {"uv": [29, 71], "uv_size": [2, 2]},
								"south": {"uv": [43, 57], "uv_size": [6, 2]},
								"west": {"uv": [71, 33], "uv_size": [2, 2]},
								"up": {"uv": [50, 57], "uv_size": [6, 2]},
								"down": {"uv": [57, 59], "uv_size": [6, -2]}
							}
						}
					]
				},
				{
					"name": "right_leg9",
					"parent": "right_leg8",
					"pivot": [-10.37577, 21.7536, 5.66875],
					"cubes": [
						{
							"origin": [-12.6474, 24.04777, 5.65],
							"size": [2, 4, 1],
							"pivot": [-10.13884, 19.52809, 5.65],
							"rotation": [0, 0, 22.5],
							"uv": {
								"north": {"uv": [19, 64], "uv_size": [2, 4]},
								"east": {"uv": [45, 38], "uv_size": [1, 4]},
								"south": {"uv": [22, 64], "uv_size": [2, 4]},
								"west": {"uv": [49, 33], "uv_size": [1, 4]},
								"up": {"uv": [0, 75], "uv_size": [2, 1]},
								"down": {"uv": [75, 8], "uv_size": [2, -1]}
							}
						},
						{
							"origin": [-12.11607, 19.49347, 4.75],
							"size": [3, 6, 3],
							"pivot": [-10.13884, 20.52809, 5.65],
							"rotation": [0, 0, 15],
							"uv": {
								"north": {"uv": [30, 45], "uv_size": [3, 6]},
								"east": {"uv": [45, 31], "uv_size": [3, 6]},
								"south": {"uv": [34, 45], "uv_size": [3, 6]},
								"west": {"uv": [47, 38], "uv_size": [3, 6]},
								"up": {"uv": [63, 63], "uv_size": [3, 3]},
								"down": {"uv": [0, 67], "uv_size": [3, -3]}
							}
						}
					]
				},
				{
					"name": "right_foot3",
					"parent": "right_leg9",
					"pivot": [-11.34787, 22.41146, 5.64167],
					"cubes": [
						{
							"origin": [-12.51525, 10.49802, 5.4],
							"size": [1.5, 11.5, 1.5],
							"pivot": [-11.44323, 17.46438, 5.6375],
							"rotation": [0, 0, -2.5],
							"uv": {
								"north": {"uv": [42, 5], "uv_size": [2, 12]},
								"east": {"uv": [38, 44], "uv_size": [2, 12]},
								"south": {"uv": [41, 44], "uv_size": [2, 12]},
								"west": {"uv": [44, 44], "uv_size": [2, 12]},
								"up": {"uv": [71, 25], "uv_size": [2, 2]},
								"down": {"uv": [71, 30], "uv_size": [2, -2]}
							}
						},
						{
							"origin": [-11.4848, 20.9375, 5.5],
							"size": [3, 1.5, 1.3],
							"pivot": [-10.7348, 23.1875, 5.65],
							"rotation": [0, 0, 40],
							"uv": {
								"north": {"uv": [62, 67], "uv_size": [3, 2]},
								"east": {"uv": [35, 59], "uv_size": [1, 2]},
								"south": {"uv": [67, 63], "uv_size": [3, 2]},
								"west": {"uv": [42, 74], "uv_size": [1, 2]},
								"up": {"uv": [47, 52], "uv_size": [3, 1]},
								"down": {"uv": [74, 56], "uv_size": [3, -1]}
							}
						},
						{
							"origin": [-12.00573, 13.96438, 5.425],
							"size": [1.25, 6, 1.4],
							"pivot": [-11.44323, 15.46438, 5.6375],
							"rotation": [0, 0, 7.5],
							"uv": {
								"north": {"uv": [66, 67], "uv_size": [1, 6]},
								"east": {"uv": [0, 68], "uv_size": [1, 6]},
								"south": {"uv": [68, 0], "uv_size": [1, 6]},
								"west": {"uv": [2, 68], "uv_size": [1, 6]},
								"up": {"uv": [76, 14], "uv_size": [1, 1]},
								"down": {"uv": [76, 17], "uv_size": [1, -1]}
							}
						}
					]
				},
				{
					"name": "left_leg7",
					"pivot": [2.00146, 22.68402, 5.65625],
					"rotation": [0, 90, 0],
					"cubes": [
						{
							"origin": [5.67324, 20.32242, 5.2],
							"size": [5, 2, 1.925],
							"pivot": [4.17324, 23.82242, 5.65],
							"rotation": [0, 0, 45],
							"uv": {
								"north": {"uv": [26, 61], "uv_size": [-5, 2]},
								"east": {"uv": [39, 71], "uv_size": [-2, 2]},
								"south": {"uv": [66, 24], "uv_size": [-5, 2]},
								"west": {"uv": [73, 36], "uv_size": [-2, 2]},
								"up": {"uv": [66, 27], "uv_size": [-5, 2]},
								"down": {"uv": [66, 32], "uv_size": [-5, -2]}
							}
						},
						{
							"origin": [0.56055, 18.83764, 5.15],
							"size": [7, 2.3, 2],
							"pivot": [3.56055, 19.83764, 5.65],
							"rotation": [0, 0, 62.5],
							"uv": {
								"north": {"uv": [60, 24], "uv_size": [-7, 2]},
								"east": {"uv": [56, 71], "uv_size": [-2, 2]},
								"south": {"uv": [60, 27], "uv_size": [-7, 2]},
								"west": {"uv": [42, 71], "uv_size": [-2, 2]},
								"up": {"uv": [60, 30], "uv_size": [-7, 2]},
								"down": {"uv": [54, 56], "uv_size": [-7, -2]}
							}
						}
					]
				},
				{
					"name": "left_leg8",
					"parent": "left_leg7",
					"pivot": [6.63151, 18.51402, 5.66667],
					"cubes": [
						{
							"origin": [2.43612, 22.13906, 5.475],
							"size": [6, 1.25, 1.4],
							"pivot": [9.93612, 23.88906, 5.65],
							"rotation": [0, 0, -50],
							"uv": {
								"north": {"uv": [73, 31], "uv_size": [-6, 1]},
								"east": {"uv": [77, 18], "uv_size": [-1, 1]},
								"south": {"uv": [73, 58], "uv_size": [-6, 1]},
								"west": {"uv": [19, 76], "uv_size": [-1, 1]},
								"up": {"uv": [10, 68], "uv_size": [-6, 1]},
								"down": {"uv": [74, 8], "uv_size": [-6, -1]}
							}
						},
						{
							"origin": [4.4266, 17.62047, 5.4],
							"size": [6, 2.25, 1.5],
							"pivot": [7.4266, 20.12047, 5.65],
							"rotation": [0, 0, -37.5],
							"uv": {
								"north": {"uv": [62, 18], "uv_size": [-6, 2]},
								"east": {"uv": [73, 33], "uv_size": [-2, 2]},
								"south": {"uv": [49, 57], "uv_size": [-6, 2]},
								"west": {"uv": [31, 71], "uv_size": [-2, 2]},
								"up": {"uv": [56, 57], "uv_size": [-6, 2]},
								"down": {"uv": [63, 59], "uv_size": [-6, -2]}
							}
						}
					]
				},
				{
					"name": "left_leg9",
					"parent": "left_leg8",
					"pivot": [10.37577, 21.7536, 5.66875],
					"cubes": [
						{
							"origin": [10.6474, 24.04777, 5.65],
							"size": [2, 4, 1],
							"pivot": [10.13884, 19.52809, 5.65],
							"rotation": [0, 0, -22.5],
							"uv": {
								"north": {"uv": [21, 64], "uv_size": [-2, 4]},
								"east": {"uv": [50, 33], "uv_size": [-1, 4]},
								"south": {"uv": [24, 64], "uv_size": [-2, 4]},
								"west": {"uv": [46, 38], "uv_size": [-1, 4]},
								"up": {"uv": [2, 75], "uv_size": [-2, 1]},
								"down": {"uv": [77, 8], "uv_size": [-2, -1]}
							}
						},
						{
							"origin": [9.11607, 19.49347, 4.75],
							"size": [3, 6, 3],
							"pivot": [10.13884, 20.52809, 5.65],
							"rotation": [0, 0, -15],
							"uv": {
								"north": {"uv": [33, 45], "uv_size": [-3, 6]},
								"east": {"uv": [50, 38], "uv_size": [-3, 6]},
								"south": {"uv": [37, 45], "uv_size": [-3, 6]},
								"west": {"uv": [48, 31], "uv_size": [-3, 6]},
								"up": {"uv": [66, 63], "uv_size": [-3, 3]},
								"down": {"uv": [3, 67], "uv_size": [-3, -3]}
							}
						}
					]
				},
				{
					"name": "left_foot3",
					"parent": "left_leg9",
					"pivot": [11.34787, 22.41146, 5.64167],
					"cubes": [
						{
							"origin": [11.01525, 10.49802, 5.4],
							"size": [1.5, 11.5, 1.5],
							"pivot": [11.44323, 17.46438, 5.6375],
							"rotation": [0, 0, 2.5],
							"uv": {
								"north": {"uv": [44, 5], "uv_size": [-2, 12]},
								"east": {"uv": [46, 44], "uv_size": [-2, 12]},
								"south": {"uv": [43, 44], "uv_size": [-2, 12]},
								"west": {"uv": [40, 44], "uv_size": [-2, 12]},
								"up": {"uv": [73, 25], "uv_size": [-2, 2]},
								"down": {"uv": [73, 30], "uv_size": [-2, -2]}
							}
						},
						{
							"origin": [8.4848, 20.9375, 5.5],
							"size": [3, 1.5, 1.3],
							"pivot": [10.7348, 23.1875, 5.65],
							"rotation": [0, 0, -40],
							"uv": {
								"north": {"uv": [65, 67], "uv_size": [-3, 2]},
								"east": {"uv": [43, 74], "uv_size": [-1, 2]},
								"south": {"uv": [70, 63], "uv_size": [-3, 2]},
								"west": {"uv": [36, 59], "uv_size": [-1, 2]},
								"up": {"uv": [50, 52], "uv_size": [-3, 1]},
								"down": {"uv": [77, 56], "uv_size": [-3, -1]}
							}
						},
						{
							"origin": [10.75573, 13.96438, 5.425],
							"size": [1.25, 6, 1.4],
							"pivot": [11.44323, 15.46438, 5.6375],
							"rotation": [0, 0, -7.5],
							"uv": {
								"north": {"uv": [67, 67], "uv_size": [-1, 6]},
								"east": {"uv": [3, 68], "uv_size": [-1, 6]},
								"south": {"uv": [69, 0], "uv_size": [-1, 6]},
								"west": {"uv": [1, 68], "uv_size": [-1, 6]},
								"up": {"uv": [77, 14], "uv_size": [-1, 1]},
								"down": {"uv": [77, 17], "uv_size": [-1, -1]}
							}
						}
					]
				}
			]
		}
	]
}