{
	"pack_name": "{maid_pack.abstractionism.name}",
	"model_list": [
		{
			"model_id": "abstractionism:weilong",
			"is_gecko": true,
			"render_entity_scale": 0.7,
			"description": ["{model.abstractionism.weilong.desc}"],
			"animation": [],
			"use_sound_pack_id": "abstractionism"
		},
		{
			"model_id": "abstractionism:god_eagle",
			"is_gecko": true,
			"render_entity_scale": 0.7,
			"description": ["{model.abstractionism.god_eagle.desc}"],
			"animation": ["abstractionism:animation/abstractionism.god_eagle.god_eagle_brother.g_e_b.main.animation.json"],
			"use_sound_pack_id": "god_eahle"
		},
		{
			"model_id": "abstractionism:kobe",
			"is_gecko": true,
			"render_entity_scale": 0.7,
			"description": ["{model.abstractionism.kobe.desc}"],
			"animation": [
				"abstractionism:animation/abstractionism.kobe.manba_out.man.arm.animation.json",
				"abstractionism:animation/abstractionism.kobe.manba_out.man.main.animation.json"
			],
			"use_sound_pack_id": "manba_out"
		},
		{
			"model_id": "abstractionism:otto",
			"is_gecko": true,
			"render_entity_scale": 0.6,
			"use_sound_pack_id": "otto__1",
			"description": ["{model.abstractionism.otto.desc}"]
		},
		{
			"model_id": "abstractionism:otto_1",
			"is_gecko": true,
			"render_entity_scale": 0.6,
			"use_sound_pack_id": "otto__1",
			"description": ["{model.abstractionism.otto_1.desc}"]
		},
		{
			"model_id": "abstractionism:dongxuelian",
			"is_gecko": true,
			"render_entity_scale": 0.7,
			"description": ["{model.abstractionism.dongxuelian.desc}"],
			"animation": ["abstractionism:animation/abstractionism.dongxuelian.main.animation.json"],
			"use_sound_pack_id": "dongxuelian"
		}
	],
	"version": "1.0.0",
	"author": ["哥斯拉", "老杰克", "海螺"],
	"description": ["{maid_pack.abstractionism.desc}"],
	"date": "2024-12-01",
	"icon": "abstractionism:textures/maid_icon.png"
}