{
	"spec": 2,
	"metadata": {
		"name": "Default",
		"tips": "默认模型（Default Model）",
		"license": {
			"type": "All Rights Reserved"
		},
		"authors": [
			{
				"name": "<Unknown>"
			}
		],
		"link": {
			"home": "https://modrinth.com/mod/yes-steve-model",
			"donate": "https://afdian.com/a/ysmmod"
		}
	},
	"properties": {
		"height_scale": 0.65,
		"width_scale": 0.65,
		"extra_animation": {
			"extra0": "#extra_config",
			"extra1": "",
			"extra2": "",
			"extra3": "",
			"extra4": "",
			"extra5": "",
			"extra6": "",
			"#extra_classify": "Extra Classify"
		},
		"extra_animation_classify": [
			{
				"id": "extra_classify",
				"extra_animation": {
					"extra0": "Extra In Classify 1",
					"extra1": "Extra In Classify 2"
				}
			}
		],
		"extra_animation_buttons": [
			{
				"id": "extra_config",
				"name": "Simple Config",
				"config_forms": [
					{
						"type": "checkbox",
						"title": "fold ear",
						"description": "fold ear",
						"value": "v.ear"
					}
				]
			}
		],
		"preview_animation": "idle",
		"default_texture": "default",
		"render_layers_first": false,
		"free": true,
		"disable_preview_rotation": false,
		"all_cutout": false
	},
	"files": {
		"player": {
			"model": {
				"main": "models/main.json",
				"arm": "models/arm.json"
			},
			"animation": {
				"main": "animations/main.animation.json",
				"arm": "animations/arm.animation.json",
				"extra": "animations/extra.animation.json",
				"tac": "animations/tac.animation.json",
				"carryon": "animations/carryon.animation.json",
				"parcool": "animations/parcool.animation.json",
				"swem": "animations/swem.animation.json",
				"slashblade": "animations/slashblade.animation.json",
				"tlm": "animations/tlm.animation.json"
			},
			"animation_controllers": ["controller/main.animation_controllers.json"],
			"texture": [
				{
					"uv": "textures/default.png"
				}
			]
		}
	}
}