{
	"pack_name": "{maid_pack.byd_bvvd.name}",
	"model_list": [
		{
			"model_id": "byd_bvvd:bvvd",
			"is_gecko": true,
			"use_sound_pack_id": "byd_bvvd",
			"description": ["{model.byd_bvvd.bvvd.desc}"],
			"animation": ["byd_bvvd:animation/byd_bvvd.bvvd.main.animation.json"],
			"render_entity_scale": 1.1
		},
		{
			"model_id": "byd_bvvd:little_bvvd",
			"is_gecko": true,
			"render_entity_scale": 0.7,
			"use_sound_pack_id": "byd_bvvd",
			"description": ["{model.byd_bvvd.little_bvvd.desc}"],
			"animation": ["byd_bvvd:animation/byd_bvvd.little_bvvd.main.animation.json"]
		}
	],
	"version": "1.1.0",
	"author": ["哥斯拉"],
	"description": ["{maid_pack.byd_bvvd.desc}"],
	"date": "2024-10-23",
	"icon": "byd_bvvd:textures/maid_icon.png"
}