{
	"format_version": "1.12.0",
	"minecraft:geometry": [
		{
			"description": {
				"identifier": "geometry.unknown",
				"texture_width": 128,
				"texture_height": 128,
				"visible_bounds_width": 4,
				"visible_bounds_height": 5,
				"visible_bounds_offset": [0, 1.5, 0]
			},
			"bones": [
				{
					"name": "Arm",
					"pivot": [0, 39.2, 0]
				},
				{
					"name": "LeftArm",
					"parent": "Arm",
					"pivot": [5.75, 37.9, 0],
					"rotation": [0, 0, -7.5],
					"cubes": [
						{
							"origin": [4.2, 32.15, -2.1],
							"size": [3.75, 7, 4.3],
							"uv": {
								"north": {"uv": [55, 80], "uv_size": [3.5, 7]},
								"east": {"uv": [0, 74], "uv_size": [4.5, 7]},
								"south": {"uv": [16, 82], "uv_size": [3.5, 7]},
								"west": {"uv": [16, 74], "uv_size": [4.5, 7]},
								"up": {"uv": [18, 91], "uv_size": [3.5, 4.5]},
								"down": {"uv": [23, 95.5], "uv_size": [3.5, -4.5]}
							}
						}
					]
				},
				{
					"name": "LeftForeArm",
					"parent": "LeftArm",
					"pivot": [5.975, 26.25, 0.025],
					"cubes": [
						{
							"origin": [4.475, 20.225, -1.825],
							"size": [3.2, 12, 3.8],
							"uv": {
								"north": {"uv": [49, 67], "uv_size": [3, 12]},
								"east": {"uv": [51, 54], "uv_size": [4, 12]},
								"south": {"uv": [25, 68], "uv_size": [3, 12]},
								"west": {"uv": [21, 55], "uv_size": [4, 12]},
								"up": {"uv": [13, 95], "uv_size": [3, 4]},
								"down": {"uv": [95, 25], "uv_size": [3, -4]}
							}
						},
						{
							"origin": [4.225, 24.975, -2.075],
							"size": [3.7, 7.25, 4.3],
							"uv": {
								"north": {"uv": [77, 79], "uv_size": [3.5, 7.5]},
								"east": {"uv": [73, 15], "uv_size": [4.5, 7.5]},
								"south": {"uv": [80, 41], "uv_size": [3.5, 7.5]},
								"west": {"uv": [73, 24], "uv_size": [4.5, 7.5]},
								"up": {"uv": [92, 45], "uv_size": [3.5, 4.5]},
								"down": {"uv": [92, 55.5], "uv_size": [3.5, -4.5]}
							}
						},
						{
							"origin": [3.99971, 22.11846, -2.125],
							"size": [2.05, 3, 4.55],
							"pivot": [6.17471, 23.59346, 0.025],
							"rotation": [0, 0, -2.5],
							"uv": {
								"north": {"uv": [33, 49], "uv_size": [2, 3]},
								"east": {"uv": [91, 13], "uv_size": [4.5, 3]},
								"south": {"uv": [18, 63], "uv_size": [2, 3]},
								"west": {"uv": [49, 93], "uv_size": [4.5, 3]},
								"up": {"uv": [18, 57], "uv_size": [2, 4.5]},
								"down": {"uv": [53, 71.5], "uv_size": [2, -4.5]}
							}
						},
						{
							"origin": [5.775, 22.1, -2.225],
							"size": [2.05, 3, 4.5],
							"pivot": [6.1, 23.6, 0.025],
							"rotation": [0, 0, 5],
							"uv": {
								"north": {"uv": [69, 6], "uv_size": [2, 3]},
								"east": {"uv": [93, 61], "uv_size": [4.5, 3]},
								"south": {"uv": [79, 100], "uv_size": [2, 3]},
								"west": {"uv": [73, 93], "uv_size": [4.5, 3]},
								"up": {"uv": [22, 74], "uv_size": [2, 4.5]},
								"down": {"uv": [17, 101.5], "uv_size": [2, -4.5]}
							}
						}
					]
				},
				{
					"name": "LeftHand",
					"parent": "LeftForeArm",
					"pivot": [6.075, 20.725, 0.025]
				},
				{
					"name": "LeftHandLocator",
					"parent": "LeftHand",
					"pivot": [6.075, 20.725, 0.025],
					"cubes": [
						{
							"origin": [5.575, 20.225, -0.475],
							"size": [1, 1, 1],
							"uv": {
								"north": {"uv": [31, 64], "uv_size": [1, 1]},
								"east": {"uv": [49, 65], "uv_size": [1, 1]},
								"south": {"uv": [58, 88], "uv_size": [1, 1]},
								"west": {"uv": [80, 88], "uv_size": [1, 1]},
								"up": {"uv": [73, 91], "uv_size": [1, 1]},
								"down": {"uv": [85, 92], "uv_size": [1, -1]}
							}
						}
					]
				},
				{
					"name": "SheathLocator",
					"parent": "LeftHand",
					"pivot": [6.075, 20.725, 0.025]
				},
				{
					"name": "LeftWaistLocator",
					"parent": "LeftHand",
					"pivot": [6.075, 20.725, 0.025]
				},
				{
					"name": "RightArm",
					"parent": "Arm",
					"pivot": [-6, 37.775, 0],
					"rotation": [0, 0, 7.5],
					"cubes": [
						{
							"origin": [-8.2, 32.025, -2.1],
							"size": [3.75, 7, 4.3],
							"uv": {
								"north": {"uv": [35, 82], "uv_size": [3.5, 7]},
								"east": {"uv": [60, 74], "uv_size": [4.5, 7]},
								"south": {"uv": [60, 82], "uv_size": [3.5, 7]},
								"west": {"uv": [77, 62], "uv_size": [4.5, 7]},
								"up": {"uv": [28, 91], "uv_size": [3.5, 4.5]},
								"down": {"uv": [91, 37.5], "uv_size": [3.5, -4.5]}
							}
						}
					]
				},
				{
					"name": "RightForeArm",
					"parent": "RightArm",
					"pivot": [-6.225, 26.225, 0.025],
					"cubes": [
						{
							"origin": [-7.925, 20.2, -1.825],
							"size": [3.2, 12, 3.8],
							"uv": {
								"north": {"uv": [69, 16], "uv_size": [3, 12]},
								"east": {"uv": [26, 55], "uv_size": [4, 12]},
								"south": {"uv": [69, 29], "uv_size": [3, 12]},
								"west": {"uv": [39, 56], "uv_size": [4, 12]},
								"up": {"uv": [95, 26], "uv_size": [3, 4]},
								"down": {"uv": [33, 99], "uv_size": [3, -4]}
							}
						},
						{
							"origin": [-8.175, 24.95, -2.075],
							"size": [3.7, 7.25, 4.3],
							"uv": {
								"north": {"uv": [11, 79], "uv_size": [3.5, 7.5]},
								"east": {"uv": [71, 68], "uv_size": [4.5, 7.5]},
								"south": {"uv": [79, 21], "uv_size": [3.5, 7.5]},
								"west": {"uv": [72, 6], "uv_size": [4.5, 7.5]},
								"up": {"uv": [39, 92], "uv_size": [3.5, 4.5]},
								"down": {"uv": [44, 96.5], "uv_size": [3.5, -4.5]}
							}
						},
						{
							"origin": [-8.075, 22.2, -2.225],
							"size": [2.05, 3, 4.5],
							"pivot": [-6.35, 23.7, 0.025],
							"rotation": [0, 0, -5],
							"uv": {
								"north": {"uv": [101, 68], "uv_size": [2, 3]},
								"east": {"uv": [94, 81], "uv_size": [4.5, 3]},
								"south": {"uv": [101, 72], "uv_size": [2, 3]},
								"west": {"uv": [85, 94], "uv_size": [4.5, 3]},
								"up": {"uv": [20, 97], "uv_size": [2, 4.5]},
								"down": {"uv": [23, 101.5], "uv_size": [2, -4.5]}
							}
						},
						{
							"origin": [-6.29971, 22.21846, -2.125],
							"size": [2.05, 3, 4.3],
							"pivot": [-6.42471, 23.69346, 0.025],
							"rotation": [0, 0, 2.5],
							"uv": {
								"north": {"uv": [101, 76], "uv_size": [2, 3]},
								"east": {"uv": [94, 85], "uv_size": [4.5, 3]},
								"south": {"uv": [82, 101], "uv_size": [2, 3]},
								"west": {"uv": [95, 0], "uv_size": [4.5, 3]},
								"up": {"uv": [26, 97], "uv_size": [2, 4.5]},
								"down": {"uv": [29, 101.5], "uv_size": [2, -4.5]}
							}
						}
					]
				},
				{
					"name": "RightHand",
					"parent": "RightForeArm",
					"pivot": [-6.325, 20.825, 0.025],
					"cubes": [
						{
							"origin": [-6.825, 20.325, -0.475],
							"size": [1, 1, 1],
							"uv": {
								"north": {"uv": [105, 8], "uv_size": [1, 1]},
								"east": {"uv": [105, 10], "uv_size": [1, 1]},
								"south": {"uv": [11, 105], "uv_size": [1, 1]},
								"west": {"uv": [105, 12], "uv_size": [1, 1]},
								"up": {"uv": [13, 105], "uv_size": [1, 1]},
								"down": {"uv": [105, 15], "uv_size": [1, -1]}
							}
						}
					]
				},
				{
					"name": "RightHandLocator",
					"parent": "RightHand",
					"pivot": [-6.325, 20.825, 0.025],
					"cubes": [
						{
							"origin": [-6.825, 20.325, -0.475],
							"size": [1, 1, 1],
							"uv": {
								"north": {"uv": [15, 105], "uv_size": [1, 1]},
								"east": {"uv": [105, 16], "uv_size": [1, 1]},
								"south": {"uv": [17, 105], "uv_size": [1, 1]},
								"west": {"uv": [105, 18], "uv_size": [1, 1]},
								"up": {"uv": [19, 105], "uv_size": [1, 1]},
								"down": {"uv": [105, 21], "uv_size": [1, -1]}
							}
						}
					]
				},
				{
					"name": "BladeLocator",
					"parent": "RightHand",
					"pivot": [-6.325, 20.825, 0.025]
				}
			]
		}
	]
}