{
	"format_version": "1.12.0",
	"minecraft:geometry": [
		{
			"description": {
				"identifier": "geometry.unknown",
				"texture_width": 128,
				"texture_height": 128,
				"visible_bounds_width": 4,
				"visible_bounds_height": 5,
				"visible_bounds_offset": [0, 1.5, 0]
			},
			"bones": [
				{
					"name": "Root",
					"pivot": [0, 0, 0]
				},
				{
					"name": "AllBody",
					"parent": "Root",
					"pivot": [0, 20, 0]
				},
				{
					"name": "UpBody",
					"parent": "AllBody",
					"pivot": [0, 32, 0],
					"cubes": [
						{
							"origin": [0.35, 32.97247, -2.08334],
							"size": [0.7, 0.7, 0.7],
							"uv": {
								"north": {"uv": [65, 105], "uv_size": [0.5, 0.5]},
								"east": {"uv": [73, 105], "uv_size": [0.5, 0.5]},
								"south": {"uv": [75, 105], "uv_size": [0.5, 0.5]},
								"west": {"uv": [81, 105], "uv_size": [0.5, 0.5]},
								"up": {"uv": [83, 105], "uv_size": [0.5, 0.5]},
								"down": {"uv": [90, 105.5], "uv_size": [0.5, -0.5]}
							}
						},
						{
							"origin": [-0.85, 32.97247, -2.08334],
							"size": [0.7, 0.7, 0.7],
							"uv": {
								"north": {"uv": [92, 105], "uv_size": [0.5, 0.5]},
								"east": {"uv": [94, 105], "uv_size": [0.5, 0.5]},
								"south": {"uv": [96, 105], "uv_size": [0.5, 0.5]},
								"west": {"uv": [105, 103], "uv_size": [0.5, 0.5]},
								"up": {"uv": [105, 105], "uv_size": [0.5, 0.5]},
								"down": {"uv": [0, 106.5], "uv_size": [0.5, -0.5]}
							}
						},
						{
							"origin": [-5.5, 27.5, -2.075],
							"size": [11, 11.75, 4.4],
							"uv": {
								"north": {"uv": [0, 0], "uv_size": [11, 12]},
								"east": {"uv": [36, 28], "uv_size": [4.5, 12]},
								"south": {"uv": [12, 0], "uv_size": [11, 12]},
								"west": {"uv": [36, 41], "uv_size": [4.5, 12]},
								"up": {"uv": [21, 49], "uv_size": [11, 4.5]},
								"down": {"uv": [51, 4.5], "uv_size": [11, -4.5]}
							}
						},
						{
							"origin": [-5.5, 27.5, -2.325],
							"size": [3, 12, 4.9],
							"uv": {
								"north": {"uv": [36, 69], "uv_size": [3, 12]},
								"east": {"uv": [12, 22], "uv_size": [5, 12]},
								"south": {"uv": [40, 69], "uv_size": [3, 12]},
								"west": {"uv": [18, 22], "uv_size": [5, 12]},
								"up": {"uv": [73, 62], "uv_size": [3, 5]},
								"down": {"uv": [92, 94], "uv_size": [3, -5]}
							}
						},
						{
							"origin": [-2.5, 27.5, -2.325],
							"size": [5, 5.25, 4.9],
							"uv": {
								"north": {"uv": [78, 0], "uv_size": [5, 5.5]},
								"east": {"uv": [78, 7], "uv_size": [5, 5.5]},
								"south": {"uv": [29, 78], "uv_size": [5, 5.5]},
								"west": {"uv": [79, 14], "uv_size": [5, 5.5]},
								"up": {"uv": [22, 81], "uv_size": [5, 5]},
								"down": {"uv": [0, 87], "uv_size": [5, -5]}
							}
						},
						{
							"origin": [-0.5, 37.5, -2.325],
							"size": [1, 1, 4.4],
							"uv": {
								"north": {"uv": [105, 26], "uv_size": [1, 1]},
								"east": {"uv": [12, 103], "uv_size": [5, 1]},
								"south": {"uv": [27, 105], "uv_size": [1, 1]},
								"west": {"uv": [18, 103], "uv_size": [5, 1]},
								"up": {"uv": [66, 99], "uv_size": [1, 5]},
								"down": {"uv": [43, 106], "uv_size": [1, -5]}
							}
						},
						{
							"origin": [-0.25, 36.25, -2.19],
							"size": [0.5, 0.5, 0.4],
							"uv": {
								"north": {"uv": [6, 106], "uv_size": [0.5, 0.5]},
								"east": {"uv": [106, 46], "uv_size": [0.5, 0.5]},
								"south": {"uv": [48, 106], "uv_size": [0.5, 0.5]},
								"west": {"uv": [106, 48], "uv_size": [0.5, 0.5]},
								"up": {"uv": [50, 106], "uv_size": [0.5, 0.5]},
								"down": {"uv": [106, 50.5], "uv_size": [0.5, -0.5]}
							}
						},
						{
							"origin": [-0.25, 35.25, -2.19],
							"size": [0.5, 0.5, 0.4],
							"uv": {
								"north": {"uv": [52, 106], "uv_size": [0.5, 0.5]},
								"east": {"uv": [106, 52], "uv_size": [0.5, 0.5]},
								"south": {"uv": [54, 106], "uv_size": [0.5, 0.5]},
								"west": {"uv": [56, 106], "uv_size": [0.5, 0.5]},
								"up": {"uv": [58, 106], "uv_size": [0.5, 0.5]},
								"down": {"uv": [60, 106.5], "uv_size": [0.5, -0.5]}
							}
						},
						{
							"origin": [15.75, 46.25, -2.325],
							"size": [1.25, 1.25, 4.4],
							"pivot": [19.25, 23.75, -4],
							"rotation": [0, 0, -45],
							"uv": {
								"north": {"uv": [104, 83], "uv_size": [1.5, 1.5]},
								"east": {"uv": [99, 27], "uv_size": [5, 1.5]},
								"south": {"uv": [85, 104], "uv_size": [1.5, 1.5]},
								"west": {"uv": [99, 61], "uv_size": [5, 1.5]},
								"up": {"uv": [63, 99], "uv_size": [1.5, 5]},
								"down": {"uv": [91, 104], "uv_size": [1.5, -5]}
							}
						},
						{
							"origin": [-18.75, 42, -2.325],
							"size": [1.25, 1.25, 4.4],
							"pivot": [-15, 19.5, -4],
							"rotation": [0, 0, 45],
							"uv": {
								"north": {"uv": [78, 104], "uv_size": [1.5, 1.5]},
								"east": {"uv": [99, 21], "uv_size": [5, 1.5]},
								"south": {"uv": [104, 80], "uv_size": [1.5, 1.5]},
								"west": {"uv": [99, 24], "uv_size": [5, 1.5]},
								"up": {"uv": [45, 98], "uv_size": [1.5, 5]},
								"down": {"uv": [88, 103], "uv_size": [1.5, -5]}
							}
						},
						{
							"origin": [-2.5, 32.75, -0.825],
							"size": [5, 6, 3.4],
							"uv": {
								"north": {"uv": [30, 42], "uv_size": [5, 6]},
								"east": {"uv": [70, 84], "uv_size": [3.5, 6]},
								"south": {"uv": [71, 77], "uv_size": [5, 6]},
								"west": {"uv": [82, 84], "uv_size": [3.5, 6]},
								"up": {"uv": [7, 88], "uv_size": [5, 3.5]},
								"down": {"uv": [52, 91.5], "uv_size": [5, -3.5]}
							}
						},
						{
							"origin": [5, 31.25, -2.325],
							"size": [3.5, 11, 4.65],
							"pivot": [10.5, 10.75, -4],
							"rotation": [0, 0, -20],
							"uv": {
								"north": {"uv": [31, 66], "uv_size": [3.5, 11]},
								"east": {"uv": [51, 42], "uv_size": [4.5, 11]},
								"south": {"uv": [11, 67], "uv_size": [3.5, 11]},
								"west": {"uv": [33, 54], "uv_size": [4.5, 11]},
								"up": {"uv": [80, 91], "uv_size": [3.5, 4.5]},
								"down": {"uv": [0, 96.5], "uv_size": [3.5, -4.5]}
							}
						},
						{
							"origin": [2.5, 27.5, -2.325],
							"size": [3, 12, 4.9],
							"uv": {
								"north": {"uv": [69, 42], "uv_size": [3, 12]},
								"east": {"uv": [24, 0], "uv_size": [5, 12]},
								"south": {"uv": [69, 55], "uv_size": [3, 12]},
								"west": {"uv": [24, 22], "uv_size": [5, 12]},
								"up": {"uv": [5, 93], "uv_size": [3, 5]},
								"down": {"uv": [9, 98], "uv_size": [3, -5]}
							}
						},
						{
							"origin": [-9, 28.5, -2.325],
							"size": [3.5, 11, 4.65],
							"pivot": [-3, 8, -4],
							"rotation": [0, 0, 20],
							"uv": {
								"north": {"uv": [6, 64], "uv_size": [3.5, 11]},
								"east": {"uv": [51, 18], "uv_size": [4.5, 11]},
								"south": {"uv": [44, 65], "uv_size": [3.5, 11]},
								"west": {"uv": [51, 30], "uv_size": [4.5, 11]},
								"up": {"uv": [91, 39], "uv_size": [3.5, 4.5]},
								"down": {"uv": [68, 95.5], "uv_size": [3.5, -4.5]}
							}
						}
					]
				},
				{
					"name": "AllHead",
					"parent": "UpBody",
					"pivot": [0, 39.2, 0],
					"cubes": [
						{
							"origin": [-1.5, 38.925, -1.525],
							"size": [3, 2, 3],
							"uv": {
								"north": {"uv": [75, 100], "uv_size": [3, 2]},
								"east": {"uv": [100, 81], "uv_size": [3, 2]},
								"south": {"uv": [100, 84], "uv_size": [3, 2]},
								"west": {"uv": [100, 87], "uv_size": [3, 2]},
								"up": {"uv": [40, 82], "uv_size": [3, 3]},
								"down": {"uv": [96, 92], "uv_size": [3, -3]}
							}
						}
					]
				},
				{
					"name": "Head",
					"parent": "AllHead",
					"pivot": [0, 40, 0],
					"cubes": [
						{
							"origin": [-4, 42.05, -4],
							"size": [8, 4.5, 8],
							"uv": {
								"north": {"uv": [63, 10], "uv_size": [8, 4.5]},
								"east": {"uv": [16, 68], "uv_size": [8, 4.5]},
								"south": {"uv": [62, 68], "uv_size": [8, 4.5]},
								"west": {"uv": [69, 0], "uv_size": [8, 4.5]},
								"up": {"uv": [12, 13], "uv_size": [8, 8]},
								"down": {"uv": [21, 21], "uv_size": [8, -8]}
							}
						},
						{
							"origin": [-0.75, 43.55, -4.5],
							"size": [1.5, 0.5, 0.25],
							"uv": {
								"north": {"uv": [105, 28], "uv_size": [1.5, 0.5]},
								"east": {"uv": [2, 106], "uv_size": [0.5, 0.5]},
								"south": {"uv": [29, 105], "uv_size": [1.5, 0.5]},
								"west": {"uv": [4, 106], "uv_size": [0.5, 0.5]},
								"up": {"uv": [105, 30], "uv_size": [1.5, 0.5]},
								"down": {"uv": [32, 105.5], "uv_size": [1.5, -0.5]}
							}
						},
						{
							"origin": [0.75, 43.05, -4.5],
							"size": [2, 1.5, 0.25],
							"uv": {
								"north": {"uv": [39, 104], "uv_size": [2, 1.5]},
								"east": {"uv": [105, 60], "uv_size": [0.5, 1.5]},
								"south": {"uv": [45, 104], "uv_size": [2, 1.5]},
								"west": {"uv": [63, 105], "uv_size": [0.5, 1.5]},
								"up": {"uv": [24, 105], "uv_size": [2, 0.5]},
								"down": {"uv": [105, 24.5], "uv_size": [2, -0.5]}
							}
						},
						{
							"origin": [-2.75, 43.05, -4.5],
							"size": [2, 1.5, 0.25],
							"uv": {
								"north": {"uv": [8, 104], "uv_size": [2, 1.5]},
								"east": {"uv": [105, 41], "uv_size": [0.5, 1.5]},
								"south": {"uv": [36, 104], "uv_size": [2, 1.5]},
								"west": {"uv": [105, 57], "uv_size": [0.5, 1.5]},
								"up": {"uv": [21, 105], "uv_size": [2, 0.5]},
								"down": {"uv": [105, 22.5], "uv_size": [2, -0.5]}
							}
						},
						{
							"origin": [4.25, 48.8, -3.75],
							"size": [3.75, 0, 7.5],
							"pivot": [4, 12.25, 0],
							"rotation": [0, 0, -12.5],
							"uv": {
								"north": {"uv": [16, 67], "uv_size": [4, 0]},
								"east": {"uv": [106, 79], "uv_size": [7.5, 0]},
								"south": {"uv": [0, 98], "uv_size": [4, 0]},
								"west": {"uv": [106, 93], "uv_size": [7.5, 0]},
								"up": {"uv": [66, 74], "uv_size": [4, 7.5]},
								"down": {"uv": [6, 83.5], "uv_size": [4, -7.5]}
							}
						},
						{
							"origin": [-4.75, 48.55, -3.75],
							"size": [3.75, 0, 7.5],
							"pivot": [-0.75, 12, 0],
							"rotation": [0, 0, 7.5],
							"uv": {
								"north": {"uv": [100, 60], "uv_size": [4, 0]},
								"east": {"uv": [106, 94], "uv_size": [7.5, 0]},
								"south": {"uv": [106, 95], "uv_size": [4, 0]},
								"west": {"uv": [106, 96], "uv_size": [7.5, 0]},
								"up": {"uv": [44, 77], "uv_size": [4, 7.5]},
								"down": {"uv": [77, 77.5], "uv_size": [4, -7.5]}
							}
						},
						{
							"origin": [-4, 46.05, 8.5],
							"size": [8, 6.5, 0],
							"pivot": [0, 12, 4.5],
							"rotation": [7.5, 0, 0],
							"uv": {
								"north": {"uv": [42, 0], "uv_size": [8, 6.5]},
								"east": {"uv": [42, 104], "uv_size": [0, 6.5]},
								"south": {"uv": [42, 8], "uv_size": [8, 6.5]},
								"west": {"uv": [35, 105], "uv_size": [0, 6.5]},
								"up": {"uv": [105, 5], "uv_size": [8, 0]},
								"down": {"uv": [105, 32], "uv_size": [8, 0]}
							}
						},
						{
							"origin": [-4, 47.05, -8.5],
							"size": [8, 6.5, 0],
							"pivot": [0, 13, -12.5],
							"rotation": [-7.5, 0, 0],
							"uv": {
								"north": {"uv": [42, 16], "uv_size": [8, 6.5]},
								"east": {"uv": [67, 105], "uv_size": [0, 6.5]},
								"south": {"uv": [42, 24], "uv_size": [8, 6.5]},
								"west": {"uv": [77, 105], "uv_size": [0, 6.5]},
								"up": {"uv": [105, 63], "uv_size": [8, 0]},
								"down": {"uv": [106, 54], "uv_size": [8, 0]}
							}
						},
						{
							"origin": [-8.5, 46.05, -4],
							"size": [0, 6.5, 8],
							"pivot": [-4.5, 12, -4],
							"rotation": [0, 0, 7.5],
							"uv": {
								"north": {"uv": [98, 105], "uv_size": [0, 6.5]},
								"east": {"uv": [42, 32], "uv_size": [8, 6.5]},
								"south": {"uv": [62, 106], "uv_size": [0, 6.5]},
								"west": {"uv": [42, 40], "uv_size": [8, 6.5]},
								"up": {"uv": [68, 106], "uv_size": [0, 8]},
								"down": {"uv": [106, 76], "uv_size": [0, -8]}
							}
						},
						{
							"origin": [8.5, 46.3, -4],
							"size": [0, 6.5, 8],
							"pivot": [7.5, 12.25, -4],
							"rotation": [0, 0, -7.5],
							"uv": {
								"north": {"uv": [69, 106], "uv_size": [0, 6.5]},
								"east": {"uv": [42, 48], "uv_size": [8, 6.5]},
								"south": {"uv": [70, 106], "uv_size": [0, 6.5]},
								"west": {"uv": [12, 49], "uv_size": [8, 6.5]},
								"up": {"uv": [71, 106], "uv_size": [0, 8]},
								"down": {"uv": [72, 114], "uv_size": [0, -8]}
							}
						},
						{
							"origin": [10.25, 44.3, -4],
							"size": [1, 2.25, 8],
							"pivot": [13.25, 12.25, 0],
							"rotation": [0, 0, -25],
							"uv": {
								"north": {"uv": [75, 84], "uv_size": [1, 2.5]},
								"east": {"uv": [86, 57], "uv_size": [8, 2.5]},
								"south": {"uv": [104, 68], "uv_size": [1, 2.5]},
								"west": {"uv": [87, 69], "uv_size": [8, 2.5]},
								"up": {"uv": [31, 55], "uv_size": [1, 8]},
								"down": {"uv": [29, 76], "uv_size": [1, -8]}
							}
						},
						{
							"origin": [-11.25, 44.3, -4],
							"size": [1, 2.25, 8],
							"pivot": [-13.25, 12.25, 0],
							"rotation": [0, 0, 25],
							"uv": {
								"north": {"uv": [104, 72], "uv_size": [1, 2.5]},
								"east": {"uv": [87, 73], "uv_size": [8, 2.5]},
								"south": {"uv": [104, 76], "uv_size": [1, 2.5]},
								"west": {"uv": [87, 77], "uv_size": [8, 2.5]},
								"up": {"uv": [37, 95], "uv_size": [1, 8]},
								"down": {"uv": [68, 105], "uv_size": [1, -8]}
							}
						},
						{
							"origin": [-3, 40.05, -4],
							"size": [6, 2, 8],
							"uv": {
								"north": {"uv": [96, 35], "uv_size": [6, 2]},
								"east": {"uv": [88, 66], "uv_size": [8, 2]},
								"south": {"uv": [96, 38], "uv_size": [6, 2]},
								"west": {"uv": [91, 10], "uv_size": [8, 2]},
								"up": {"uv": [44, 56], "uv_size": [6, 8]},
								"down": {"uv": [56, 62], "uv_size": [6, -8]}
							}
						},
						{
							"origin": [-1.5, 38.85, -1.5],
							"size": [3, 2, 3],
							"inflate": 0.01,
							"uv": {
								"north": {"uv": [100, 90], "uv_size": [3, 2]},
								"east": {"uv": [100, 93], "uv_size": [3, 2]},
								"south": {"uv": [94, 100], "uv_size": [3, 2]},
								"west": {"uv": [98, 100], "uv_size": [3, 2]},
								"up": {"uv": [96, 93], "uv_size": [3, 3]},
								"down": {"uv": [97, 16], "uv_size": [3, -3]}
							}
						},
						{
							"origin": [-1.5, 40.03223, -0.73223],
							"size": [3, 2.12132, 2.12132],
							"pivot": [0, 41.15355, 0.76777],
							"rotation": [45, 0, 0],
							"uv": {
								"north": {"uv": [101, 0], "uv_size": [3, 2]},
								"east": {"uv": [36, 66], "uv_size": [2, 2]},
								"south": {"uv": [101, 3], "uv_size": [3, 2]},
								"west": {"uv": [85, 101], "uv_size": [2, 2]},
								"up": {"uv": [101, 11], "uv_size": [3, 2]},
								"down": {"uv": [101, 16], "uv_size": [3, -2]}
							}
						},
						{
							"origin": [-1.5, 37.73934, -0.56066],
							"size": [3, 2.12132, 2.12132],
							"pivot": [0, 38.8, 0.5],
							"rotation": [45, 0, 0],
							"uv": {
								"north": {"uv": [101, 17], "uv_size": [3, 2]},
								"east": {"uv": [48, 103], "uv_size": [2, 2]},
								"south": {"uv": [101, 30], "uv_size": [3, 2]},
								"west": {"uv": [51, 103], "uv_size": [2, 2]},
								"up": {"uv": [39, 101], "uv_size": [3, 2]},
								"down": {"uv": [101, 43], "uv_size": [3, -2]}
							}
						}
					]
				},
				{
					"name": "Face",
					"parent": "Head",
					"pivot": [0, 40, 0]
				},
				{
					"name": "Eyes",
					"parent": "Face",
					"pivot": [0, 42.075, -0.5]
				},
				{
					"name": "Eyebrow",
					"parent": "Eyes",
					"pivot": [2.875, 42.875, -3.625]
				},
				{
					"name": "LeftEyebrow",
					"parent": "Eyebrow",
					"pivot": [2.875, 42.875, -3.625]
				},
				{
					"name": "RightEyebrow",
					"parent": "Eyebrow",
					"pivot": [-2.875, 42.875, -3.625]
				},
				{
					"name": "Eyelid",
					"parent": "Eyes",
					"pivot": [0, 42.775, -0.3]
				},
				{
					"name": "LeftEyelid",
					"parent": "Eyelid",
					"pivot": [2.5, 41.075, -3.525]
				},
				{
					"name": "LeftEyesBase",
					"parent": "LeftEyelid",
					"pivot": [2.325, 41.075, -3.525]
				},
				{
					"name": "LeftPupil",
					"parent": "LeftEyesBase",
					"pivot": [2.225, 42.075, -3.575]
				},
				{
					"name": "RightEyelid",
					"parent": "Eyelid",
					"pivot": [-2.5, 41.075, -3.525]
				},
				{
					"name": "RightEyesBase",
					"parent": "RightEyelid",
					"pivot": [-2.325, 41.075, -3.525]
				},
				{
					"name": "RightPupil",
					"parent": "RightEyesBase",
					"pivot": [-2.225, 42.075, -3.575]
				},
				{
					"name": "LeftShoulderLocator",
					"parent": "Head",
					"pivot": [3, 49.5, 0]
				},
				{
					"name": "RightShoulderLocator",
					"parent": "Head",
					"pivot": [-3, 49.5, 0]
				},
				{
					"name": "Arm",
					"parent": "UpBody",
					"pivot": [0, 39.2, 0]
				},
				{
					"name": "LeftArm",
					"parent": "Arm",
					"pivot": [5.75, 37.9, 0],
					"rotation": [0, 0, -7.5],
					"cubes": [
						{
							"origin": [4.2, 30.15, -2.1],
							"size": [3.75, 9, 4.3],
							"uv": {
								"north": {"uv": [55, 80], "uv_size": [3.5, 7]},
								"east": {"uv": [0, 74], "uv_size": [4.5, 7]},
								"south": {"uv": [16, 82], "uv_size": [3.5, 7]},
								"west": {"uv": [16, 74], "uv_size": [4.5, 7]},
								"up": {"uv": [18, 91], "uv_size": [3.5, 4.5]},
								"down": {"uv": [23, 95.5], "uv_size": [3.5, -4.5]}
							}
						}
					]
				},
				{
					"name": "LeftForeArm",
					"parent": "LeftArm",
					"pivot": [5.975, 26.25, 0.025],
					"cubes": [
						{
							"origin": [4.475, 20.225, -1.825],
							"size": [3.2, 12, 3.8],
							"uv": {
								"north": {"uv": [49, 67], "uv_size": [3, 12]},
								"east": {"uv": [51, 54], "uv_size": [4, 12]},
								"south": {"uv": [25, 68], "uv_size": [3, 12]},
								"west": {"uv": [21, 55], "uv_size": [4, 12]},
								"up": {"uv": [13, 95], "uv_size": [3, 4]},
								"down": {"uv": [95, 25], "uv_size": [3, -4]}
							}
						},
						{
							"origin": [4.225, 24.975, -2.075],
							"size": [3.7, 6.25, 4.3],
							"uv": {
								"north": {"uv": [77, 79], "uv_size": [3.5, 7.5]},
								"east": {"uv": [73, 15], "uv_size": [4.5, 7.5]},
								"south": {"uv": [80, 41], "uv_size": [3.5, 7.5]},
								"west": {"uv": [73, 24], "uv_size": [4.5, 7.5]},
								"up": {"uv": [92, 45], "uv_size": [3.5, 4.5]},
								"down": {"uv": [92, 55.5], "uv_size": [3.5, -4.5]}
							}
						},
						{
							"origin": [3.99971, 22.11846, -2.125],
							"size": [2.05, 3, 4.55],
							"pivot": [6.17471, 23.59346, 0.025],
							"rotation": [0, 0, -2.5],
							"uv": {
								"north": {"uv": [33, 49], "uv_size": [2, 3]},
								"east": {"uv": [91, 13], "uv_size": [4.5, 3]},
								"south": {"uv": [18, 63], "uv_size": [2, 3]},
								"west": {"uv": [49, 93], "uv_size": [4.5, 3]},
								"up": {"uv": [18, 57], "uv_size": [2, 4.5]},
								"down": {"uv": [53, 71.5], "uv_size": [2, -4.5]}
							}
						},
						{
							"origin": [5.775, 22.1, -2.225],
							"size": [2.05, 3, 4.5],
							"pivot": [6.1, 23.6, 0.025],
							"rotation": [0, 0, 5],
							"uv": {
								"north": {"uv": [69, 6], "uv_size": [2, 3]},
								"east": {"uv": [93, 61], "uv_size": [4.5, 3]},
								"south": {"uv": [79, 100], "uv_size": [2, 3]},
								"west": {"uv": [73, 93], "uv_size": [4.5, 3]},
								"up": {"uv": [22, 74], "uv_size": [2, 4.5]},
								"down": {"uv": [17, 101.5], "uv_size": [2, -4.5]}
							}
						}
					]
				},
				{
					"name": "LeftHand",
					"parent": "LeftForeArm",
					"pivot": [6.075, 20.725, 0.025]
				},
				{
					"name": "LeftHandLocator",
					"parent": "LeftHand",
					"pivot": [6.075, 20.725, 0.025],
					"cubes": [
						{
							"origin": [5.575, 20.225, -0.475],
							"size": [1, 1, 1],
							"uv": {
								"north": {"uv": [31, 64], "uv_size": [1, 1]},
								"east": {"uv": [49, 65], "uv_size": [1, 1]},
								"south": {"uv": [58, 88], "uv_size": [1, 1]},
								"west": {"uv": [80, 88], "uv_size": [1, 1]},
								"up": {"uv": [73, 91], "uv_size": [1, 1]},
								"down": {"uv": [85, 92], "uv_size": [1, -1]}
							}
						}
					]
				},
				{
					"name": "SheathLocator",
					"parent": "LeftHand",
					"pivot": [6.075, 20.725, 0.025]
				},
				{
					"name": "LeftWaistLocator",
					"parent": "LeftHand",
					"pivot": [6.075, 20.725, 0.025]
				},
				{
					"name": "RightArm",
					"parent": "Arm",
					"pivot": [-6, 37.775, 0],
					"rotation": [0, 0, 7.5],
					"cubes": [
						{
							"origin": [-8.2, 30.025, -2.1],
							"size": [3.75, 9, 4.3],
							"uv": {
								"north": {"uv": [35, 82], "uv_size": [3.5, 7]},
								"east": {"uv": [60, 74], "uv_size": [4.5, 7]},
								"south": {"uv": [60, 82], "uv_size": [3.5, 7]},
								"west": {"uv": [77, 62], "uv_size": [4.5, 7]},
								"up": {"uv": [28, 91], "uv_size": [3.5, 4.5]},
								"down": {"uv": [91, 37.5], "uv_size": [3.5, -4.5]}
							}
						}
					]
				},
				{
					"name": "RightForeArm",
					"parent": "RightArm",
					"pivot": [-6.225, 26.225, 0.025],
					"cubes": [
						{
							"origin": [-7.925, 20.2, -1.825],
							"size": [3.2, 12, 3.8],
							"uv": {
								"north": {"uv": [69, 16], "uv_size": [3, 12]},
								"east": {"uv": [26, 55], "uv_size": [4, 12]},
								"south": {"uv": [69, 29], "uv_size": [3, 12]},
								"west": {"uv": [39, 56], "uv_size": [4, 12]},
								"up": {"uv": [95, 26], "uv_size": [3, 4]},
								"down": {"uv": [33, 99], "uv_size": [3, -4]}
							}
						},
						{
							"origin": [-8.175, 24.95, -2.075],
							"size": [3.7, 6.25, 4.3],
							"uv": {
								"north": {"uv": [11, 79], "uv_size": [3.5, 7.5]},
								"east": {"uv": [71, 68], "uv_size": [4.5, 7.5]},
								"south": {"uv": [79, 21], "uv_size": [3.5, 7.5]},
								"west": {"uv": [72, 6], "uv_size": [4.5, 7.5]},
								"up": {"uv": [39, 92], "uv_size": [3.5, 4.5]},
								"down": {"uv": [44, 96.5], "uv_size": [3.5, -4.5]}
							}
						},
						{
							"origin": [-8.075, 22.2, -2.225],
							"size": [2.05, 3, 4.5],
							"pivot": [-6.35, 23.7, 0.025],
							"rotation": [0, 0, -5],
							"uv": {
								"north": {"uv": [101, 68], "uv_size": [2, 3]},
								"east": {"uv": [94, 81], "uv_size": [4.5, 3]},
								"south": {"uv": [101, 72], "uv_size": [2, 3]},
								"west": {"uv": [85, 94], "uv_size": [4.5, 3]},
								"up": {"uv": [20, 97], "uv_size": [2, 4.5]},
								"down": {"uv": [23, 101.5], "uv_size": [2, -4.5]}
							}
						},
						{
							"origin": [-6.29971, 22.21846, -2.125],
							"size": [2.05, 3, 4.3],
							"pivot": [-6.42471, 23.69346, 0.025],
							"rotation": [0, 0, 2.5],
							"uv": {
								"north": {"uv": [101, 76], "uv_size": [2, 3]},
								"east": {"uv": [94, 85], "uv_size": [4.5, 3]},
								"south": {"uv": [82, 101], "uv_size": [2, 3]},
								"west": {"uv": [95, 0], "uv_size": [4.5, 3]},
								"up": {"uv": [26, 97], "uv_size": [2, 4.5]},
								"down": {"uv": [29, 101.5], "uv_size": [2, -4.5]}
							}
						}
					]
				},
				{
					"name": "RightHand",
					"parent": "RightForeArm",
					"pivot": [-6.325, 20.825, 0.025],
					"cubes": [
						{
							"origin": [-6.825, 20.325, -0.475],
							"size": [1, 1, 1],
							"uv": {
								"north": {"uv": [105, 8], "uv_size": [1, 1]},
								"east": {"uv": [105, 10], "uv_size": [1, 1]},
								"south": {"uv": [11, 105], "uv_size": [1, 1]},
								"west": {"uv": [105, 12], "uv_size": [1, 1]},
								"up": {"uv": [13, 105], "uv_size": [1, 1]},
								"down": {"uv": [105, 15], "uv_size": [1, -1]}
							}
						}
					]
				},
				{
					"name": "RightHandLocator",
					"parent": "RightHand",
					"pivot": [-6.325, 20.825, 0.025],
					"cubes": [
						{
							"origin": [-6.825, 20.325, -0.475],
							"size": [1, 1, 1],
							"uv": {
								"north": {"uv": [15, 105], "uv_size": [1, 1]},
								"east": {"uv": [105, 16], "uv_size": [1, 1]},
								"south": {"uv": [17, 105], "uv_size": [1, 1]},
								"west": {"uv": [105, 18], "uv_size": [1, 1]},
								"up": {"uv": [19, 105], "uv_size": [1, 1]},
								"down": {"uv": [105, 21], "uv_size": [1, -1]}
							}
						}
					]
				},
				{
					"name": "BladeLocator",
					"parent": "RightHand",
					"pivot": [-6.325, 20.825, 0.025]
				},
				{
					"name": "RifleLocator",
					"parent": "UpBody",
					"pivot": [0, 33.15, 2.3],
					"rotation": [0, 0, 45]
				},
				{
					"name": "PistolLocator",
					"parent": "UpBody",
					"pivot": [-4, 32.75, -1.6],
					"rotation": [-30, 0, 0]
				},
				{
					"name": "ElytraLocator",
					"parent": "UpBody",
					"pivot": [0, 39.65, 2]
				},
				{
					"name": "RightWaistLocator",
					"parent": "UpBody",
					"pivot": [-4, 29, 0],
					"rotation": [-5, 0, 0]
				},
				{
					"name": "BackpackLocator",
					"parent": "UpBody",
					"pivot": [0, 37, 0]
				},
				{
					"name": "DownBody",
					"parent": "AllBody",
					"pivot": [0, 24, 0]
				},
				{
					"name": "Skirt",
					"parent": "DownBody",
					"pivot": [0, 25.45, 0.375],
					"cubes": [
						{
							"origin": [-5.5, 24.55, -2.325],
							"size": [11, 3, 4.65],
							"uv": {
								"north": {"uv": [73, 33], "uv_size": [11, 3]},
								"east": {"uv": [95, 4], "uv_size": [4.5, 3]},
								"south": {"uv": [73, 37], "uv_size": [11, 3]},
								"west": {"uv": [95, 17], "uv_size": [4.5, 3]},
								"up": {"uv": [51, 6], "uv_size": [11, 4.5]},
								"down": {"uv": [51, 16.5], "uv_size": [11, -4.5]}
							}
						},
						{
							"origin": [-18.25, 47.55, -2.325],
							"size": [5, 1, 4.65],
							"pivot": [-18.75, 24, 0],
							"rotation": [0, 0, 80],
							"uv": {
								"north": {"uv": [102, 99], "uv_size": [5, 1]},
								"east": {"uv": [103, 35], "uv_size": [4.5, 1]},
								"south": {"uv": [102, 101], "uv_size": [5, 1]},
								"west": {"uv": [103, 37], "uv_size": [4.5, 1]},
								"up": {"uv": [84, 21], "uv_size": [5, 4.5]},
								"down": {"uv": [84, 31.5], "uv_size": [5, -4.5]}
							}
						},
						{
							"origin": [13.25, 47.55, -2.325],
							"size": [5, 1, 4.65],
							"pivot": [18.75, 24, 0],
							"rotation": [0, 0, -80],
							"uv": {
								"north": {"uv": [63, 16], "uv_size": [5, 1]},
								"east": {"uv": [24, 103], "uv_size": [4.5, 1]},
								"south": {"uv": [102, 55], "uv_size": [5, 1]},
								"west": {"uv": [30, 103], "uv_size": [4.5, 1]},
								"up": {"uv": [84, 0], "uv_size": [5, 4.5]},
								"down": {"uv": [84, 10.5], "uv_size": [5, -4.5]}
							}
						},
						{
							"origin": [-5.5, 25.05, 8.925],
							"size": [11, 3.75, 0.65],
							"pivot": [0, 2, 11.25],
							"rotation": [15, 0, 0],
							"uv": {
								"north": {"uv": [57, 28], "uv_size": [11, 4]},
								"east": {"uv": [104, 91], "uv_size": [0.5, 4]},
								"south": {"uv": [57, 33], "uv_size": [11, 4]},
								"west": {"uv": [105, 0], "uv_size": [0.5, 4]},
								"up": {"uv": [0, 102], "uv_size": [11, 0.5]},
								"down": {"uv": [102, 44.5], "uv_size": [11, -0.5]}
							}
						},
						{
							"origin": [-5.5, 24.05, -6.075],
							"size": [11, 3.75, 0.65],
							"pivot": [0, 1, -6.75],
							"rotation": [-7.5, 0, 0],
							"uv": {
								"north": {"uv": [57, 18], "uv_size": [11, 4]},
								"east": {"uv": [104, 86], "uv_size": [0.5, 4]},
								"south": {"uv": [57, 23], "uv_size": [11, 4]},
								"west": {"uv": [88, 104], "uv_size": [0.5, 4]},
								"up": {"uv": [101, 6], "uv_size": [11, 0.5]},
								"down": {"uv": [101, 33.5], "uv_size": [11, -0.5]}
							}
						},
						{
							"origin": [-1.5, 23.55, -2.025],
							"size": [3, 1, 4.05],
							"uv": {
								"north": {"uv": [0, 104], "uv_size": [3, 1]},
								"east": {"uv": [95, 8], "uv_size": [4, 1]},
								"south": {"uv": [4, 104], "uv_size": [3, 1]},
								"west": {"uv": [103, 39], "uv_size": [4, 1]},
								"up": {"uv": [55, 95], "uv_size": [3, 4]},
								"down": {"uv": [59, 99], "uv_size": [3, -4]}
							}
						}
					]
				},
				{
					"name": "LeftLeg",
					"parent": "DownBody",
					"pivot": [2.9, 18.95, -1],
					"rotation": [0, 0, -2.5],
					"cubes": [
						{
							"origin": [0.67862, 11.69905, -2.25],
							"size": [4.49, 14, 4.5],
							"uv": {
								"north": {"uv": [30, 0], "uv_size": [4.5, 13]},
								"east": {"uv": [30, 14], "uv_size": [4.5, 13]},
								"south": {"uv": [30, 28], "uv_size": [4.5, 13]},
								"west": {"uv": [12, 35], "uv_size": [4.5, 13]},
								"up": {"uv": [85, 12], "uv_size": [4.5, 4.5]},
								"down": {"uv": [28, 89.5], "uv_size": [4.5, -4.5]}
							}
						},
						{
							"origin": [1.04362, 10.74905, -1.325],
							"size": [3.675, 2, 2],
							"pivot": [0.14362, 11.74905, -0.325],
							"rotation": [30, 0, 0],
							"uv": {
								"north": {"uv": [100, 8], "uv_size": [3.5, 2]},
								"east": {"uv": [54, 103], "uv_size": [2, 2]},
								"south": {"uv": [12, 100], "uv_size": [3.5, 2]},
								"west": {"uv": [57, 103], "uv_size": [2, 2]},
								"up": {"uv": [32, 100], "uv_size": [3.5, 2]},
								"down": {"uv": [48, 102], "uv_size": [3.5, -2]}
							}
						}
					]
				},
				{
					"name": "LeftLowerLeg",
					"parent": "LeftLeg",
					"pivot": [2.74362, 11.84905, -0.3],
					"cubes": [
						{
							"origin": [0.69362, 2.54905, -2.225],
							"size": [4.45, 9.2, 4.5],
							"uv": {
								"north": {"uv": [12, 57], "uv_size": [4.5, 9]},
								"east": {"uv": [57, 38], "uv_size": [4.5, 9]},
								"south": {"uv": [63, 0], "uv_size": [4.5, 9]},
								"west": {"uv": [63, 38], "uv_size": [4.5, 9]},
								"up": {"uv": [85, 33], "uv_size": [4.5, 4.5]},
								"down": {"uv": [85, 43.5], "uv_size": [4.5, -4.5]}
							}
						},
						{
							"origin": [0.84362, 2.54905, -2],
							"size": [4.15, 4, 4.2],
							"uv": {
								"north": {"uv": [88, 61], "uv_size": [4, 4]},
								"east": {"uv": [75, 88], "uv_size": [4, 4]},
								"south": {"uv": [87, 89], "uv_size": [4, 4]},
								"west": {"uv": [90, 0], "uv_size": [4, 4]},
								"up": {"uv": [90, 5], "uv_size": [4, 4]},
								"down": {"uv": [13, 94], "uv_size": [4, -4]}
							}
						},
						{
							"origin": [0.44362, 6.14905, -2.35],
							"size": [4.95, 1.3, 4.9],
							"uv": {
								"north": {"uv": [97, 65], "uv_size": [5, 1.5]},
								"east": {"uv": [70, 97], "uv_size": [5, 1.5]},
								"south": {"uv": [76, 97], "uv_size": [5, 1.5]},
								"west": {"uv": [96, 97], "uv_size": [5, 1.5]},
								"up": {"uv": [57, 48], "uv_size": [5, 5]},
								"down": {"uv": [49, 85], "uv_size": [5, -5]}
							}
						}
					]
				},
				{
					"name": "LeftFoot",
					"parent": "LeftLowerLeg",
					"pivot": [2.9375, 2.5, 0.1375],
					"cubes": [
						{
							"origin": [0.79362, -0.12595, -4],
							"size": [4.225, 3, 6.175],
							"uv": {
								"north": {"uv": [95, 57], "uv_size": [4, 3]},
								"east": {"uv": [21, 87], "uv_size": [6, 3]},
								"south": {"uv": [63, 95], "uv_size": [4, 3]},
								"west": {"uv": [87, 81], "uv_size": [6, 3]},
								"up": {"uv": [82, 70], "uv_size": [4, 6]},
								"down": {"uv": [82, 83], "uv_size": [4, -6]}
							}
						},
						{
							"origin": [0.96862, 2.27405, -3],
							"size": [3.875, 1.1, 2.075],
							"pivot": [3.23112, 2.87405, -2.4125],
							"rotation": [35, 0, 0],
							"uv": {
								"north": {"uv": [103, 64], "uv_size": [4, 1]},
								"east": {"uv": [39, 54], "uv_size": [2, 1]},
								"south": {"uv": [103, 66], "uv_size": [4, 1]},
								"west": {"uv": [52, 86], "uv_size": [2, 1]},
								"up": {"uv": [79, 30], "uv_size": [4, 2]},
								"down": {"uv": [6, 87], "uv_size": [4, -2]}
							}
						},
						{
							"origin": [0.99362, 2.37405, -1.45],
							"size": [3.825, 1.75, 2.425],
							"uv": {
								"north": {"uv": [85, 18], "uv_size": [4, 2]},
								"east": {"uv": [102, 46], "uv_size": [2.5, 2]},
								"south": {"uv": [97, 45], "uv_size": [4, 2]},
								"west": {"uv": [102, 49], "uv_size": [2.5, 2]},
								"up": {"uv": [96, 41], "uv_size": [4, 2.5]},
								"down": {"uv": [96, 71.5], "uv_size": [4, -2.5]}
							}
						}
					]
				},
				{
					"name": "RightLeg",
					"parent": "DownBody",
					"pivot": [-2.9, 18.95, -1],
					"rotation": [0, 0, 2.5],
					"cubes": [
						{
							"origin": [-5.16862, 11.69905, -2.25],
							"size": [4.49, 14, 4.5],
							"uv": {
								"north": {"uv": [18, 35], "uv_size": [4.5, 13]},
								"east": {"uv": [24, 35], "uv_size": [4.5, 13]},
								"south": {"uv": [36, 0], "uv_size": [4.5, 13]},
								"west": {"uv": [36, 14], "uv_size": [4.5, 13]},
								"up": {"uv": [40, 86], "uv_size": [4.5, 4.5]},
								"down": {"uv": [86, 49.5], "uv_size": [4.5, -4.5]}
							}
						},
						{
							"origin": [-4.71862, 10.74905, -1.325],
							"size": [3.675, 2, 2],
							"pivot": [-0.14362, 11.74905, -0.325],
							"rotation": [30, 0, 0],
							"uv": {
								"north": {"uv": [53, 100], "uv_size": [3.5, 2]},
								"east": {"uv": [60, 103], "uv_size": [2, 2]},
								"south": {"uv": [100, 57], "uv_size": [3.5, 2]},
								"west": {"uv": [70, 103], "uv_size": [2, 2]},
								"up": {"uv": [58, 100], "uv_size": [3.5, 2]},
								"down": {"uv": [70, 102], "uv_size": [3.5, -2]}
							}
						}
					]
				},
				{
					"name": "RightLowerLeg",
					"parent": "RightLeg",
					"pivot": [-2.74362, 11.84905, -0.3],
					"cubes": [
						{
							"origin": [-5.14362, 2.54905, -2.225],
							"size": [4.45, 9.2, 4.5],
							"uv": {
								"north": {"uv": [63, 48], "uv_size": [4.5, 9]},
								"east": {"uv": [56, 63], "uv_size": [4.5, 9]},
								"south": {"uv": [63, 58], "uv_size": [4.5, 9]},
								"west": {"uv": [0, 64], "uv_size": [4.5, 9]},
								"up": {"uv": [46, 86], "uv_size": [4.5, 4.5]},
								"down": {"uv": [86, 55.5], "uv_size": [4.5, -4.5]}
							}
						},
						{
							"origin": [-4.99362, 2.54905, -2],
							"size": [4.15, 4, 4.2],
							"uv": {
								"north": {"uv": [90, 18], "uv_size": [4, 4]},
								"east": {"uv": [90, 23], "uv_size": [4, 4]},
								"south": {"uv": [90, 28], "uv_size": [4, 4]},
								"west": {"uv": [34, 90], "uv_size": [4, 4]},
								"up": {"uv": [58, 90], "uv_size": [4, 4]},
								"down": {"uv": [63, 94], "uv_size": [4, -4]}
							}
						},
						{
							"origin": [-5.39362, 6.14905, -2.35],
							"size": [4.95, 1.3, 4.9],
							"uv": {
								"north": {"uv": [39, 98], "uv_size": [5, 1.5]},
								"east": {"uv": [82, 98], "uv_size": [5, 1.5]},
								"south": {"uv": [0, 99], "uv_size": [5, 1.5]},
								"west": {"uv": [6, 99], "uv_size": [5, 1.5]},
								"up": {"uv": [80, 50], "uv_size": [5, 5]},
								"down": {"uv": [80, 61], "uv_size": [5, -5]}
							}
						}
					]
				},
				{
					"name": "RightFoot",
					"parent": "RightLowerLeg",
					"pivot": [-2.9375, 2.5, 0.1375],
					"cubes": [
						{
							"origin": [-5.01862, -0.12595, -4],
							"size": [4.225, 3, 6.175],
							"uv": {
								"north": {"uv": [91, 95], "uv_size": [4, 3]},
								"east": {"uv": [87, 85], "uv_size": [6, 3]},
								"south": {"uv": [96, 31], "uv_size": [4, 3]},
								"west": {"uv": [0, 88], "uv_size": [6, 3]},
								"up": {"uv": [83, 62], "uv_size": [4, 6]},
								"down": {"uv": [65, 89], "uv_size": [4, -6]}
							}
						},
						{
							"origin": [-4.84362, 2.27405, -3],
							"size": [3.875, 1.1, 2.075],
							"pivot": [-3.23112, 2.87405, -2.4125],
							"rotation": [35, 0, 0],
							"uv": {
								"north": {"uv": [73, 103], "uv_size": [4, 1]},
								"east": {"uv": [13, 88], "uv_size": [2, 1]},
								"south": {"uv": [94, 103], "uv_size": [4, 1]},
								"west": {"uv": [55, 93], "uv_size": [2, 1]},
								"up": {"uv": [97, 48], "uv_size": [4, 2]},
								"down": {"uv": [49, 99], "uv_size": [4, -2]}
							}
						},
						{
							"origin": [-4.81862, 2.37405, -1.45],
							"size": [3.825, 1.75, 2.425],
							"uv": {
								"north": {"uv": [97, 51], "uv_size": [4, 2]},
								"east": {"uv": [102, 52], "uv_size": [2.5, 2]},
								"south": {"uv": [97, 54], "uv_size": [4, 2]},
								"west": {"uv": [102, 96], "uv_size": [2.5, 2]},
								"up": {"uv": [96, 73], "uv_size": [4, 2.5]},
								"down": {"uv": [96, 79.5], "uv_size": [4, -2.5]}
							}
						}
					]
				}
			]
		}
	]
}