{
	"format_version": "1.12.0",
	"minecraft:geometry": [
		{
			"description": {
				"identifier": "geometry.unknown",
				"texture_width": 128,
				"texture_height": 128,
				"visible_bounds_width": 3,
				"visible_bounds_height": 4.5,
				"visible_bounds_offset": [0, 1.75, 0]
			},
			"bones": [
				{
					"name": "LeftArm",
					"pivot": [1.15, 29.775, 0],
					"cubes": [
						{
							"origin": [0.17497, 26.51787, -0.96739],
							"size": [2.28085, 5.26336, 2.35408],
							"inflate": 0.002,
							"uv": {
								"north": {"uv": [25.25, 29], "uv_size": [-1.25, 3.25]},
								"east": {"uv": [3.75, 29.5], "uv_size": [-1.25, 3.25]},
								"south": {"uv": [30.25, 27], "uv_size": [-1.25, 3.25]},
								"west": {"uv": [27.25, 29], "uv_size": [-1.25, 3.25]},
								"up": {"uv": [49, 47.75], "uv_size": [1.25, -1.25]},
								"down": {"uv": [44, 50.75], "uv_size": [1.25, -1.25]}
							}
						},
						{
							"origin": [0.17622, 31.78599, -0.96617],
							"size": [1.65136, 1.28033, 2.35161],
							"inflate": 0.003,
							"uv": {
								"north": {"uv": [66.25, 46.5], "uv_size": [-0.75, 0.75]},
								"east": {"uv": [7.75, 57], "uv_size": [-1.25, 0.75]},
								"south": {"uv": [66.75, 37], "uv_size": [-0.75, 0.75]},
								"west": {"uv": [5.75, 57], "uv_size": [-1.25, 0.75]},
								"up": {"uv": [10.5, 58.25], "uv_size": [0.75, -1.25]},
								"down": {"uv": [12, 58.25], "uv_size": [0.75, -1.25]}
							}
						},
						{
							"origin": [1.34487, 31.1342, -0.96739],
							"size": [0.57024, 1.42949, 2.35558],
							"inflate": 0.001,
							"pivot": [0.78006, 32.62951, 0.19046],
							"rotation": [0, 0, -26],
							"uv": {
								"north": {"uv": [67.75, 81], "uv_size": [-0.25, 0.75]},
								"east": {"uv": [14.75, 57], "uv_size": [-1.25, 0.75]},
								"south": {"uv": [70.75, 81], "uv_size": [-0.25, 0.75]},
								"west": {"uv": [58.25, 7.5], "uv_size": [-1.25, 0.75]},
								"up": {"uv": [75.5, 75.25], "uv_size": [0.25, -1.25]},
								"down": {"uv": [0, 77.25], "uv_size": [0.25, -1.25]}
							}
						},
						{
							"origin": [0.32847, 26.80246, -2.28407],
							"size": [2.0661, 1.51332, 1.51332],
							"inflate": -0.001,
							"pivot": [1.18857, 24.94065, -1.9157],
							"rotation": [-45, 0, 0],
							"uv": {
								"north": {"uv": [55.5, 62], "uv_size": [-1, 0.75]},
								"east": {"uv": [66.75, 43.5], "uv_size": [-0.75, 0.75]},
								"south": {"uv": [57, 62], "uv_size": [-1, 0.75]},
								"west": {"uv": [66.75, 40], "uv_size": [-0.75, 0.75]},
								"up": {"uv": [62, 58.25], "uv_size": [1, -0.75]},
								"down": {"uv": [62, 59.75], "uv_size": [1, -0.75]}
							}
						}
					]
				},
				{
					"name": "LeftForeArm",
					"parent": "LeftArm",
					"pivot": [1.41064, 26.76843, 0.16057],
					"cubes": [
						{
							"origin": [0.17497, 19.05382, -0.96739],
							"size": [2.28085, 7.46205, 2.35408],
							"inflate": 0.001,
							"uv": {
								"north": {"uv": [26.25, 10.5], "uv_size": [-1.25, 3.75]},
								"east": {"uv": [27.25, 15], "uv_size": [-1.25, 3.75]},
								"south": {"uv": [26.75, 5.5], "uv_size": [-1.25, 3.75]},
								"west": {"uv": [23.25, 25], "uv_size": [-1.25, 3.75]},
								"up": {"uv": [49.5, 49.75], "uv_size": [1.25, -1.25]},
								"down": {"uv": [50, 2.75], "uv_size": [1.25, -1.25]}
							}
						},
						{
							"origin": [0.44039, 17.72115, 0.58458],
							"size": [1.74419, 1.44084, 1.44084],
							"pivot": [1.2239, 20.11318, 1.6034],
							"rotation": [-45, 0, 0],
							"uv": {
								"north": {"uv": [0.75, 66.5], "uv_size": [-0.75, 0.75]},
								"east": {"uv": [67.25, 9], "uv_size": [-0.75, 0.75]},
								"south": {"uv": [67.25, 1.5], "uv_size": [-0.75, 0.75]},
								"west": {"uv": [67.25, 0], "uv_size": [-0.75, 0.75]},
								"up": {"uv": [66.5, 11.25], "uv_size": [0.75, -0.75]},
								"down": {"uv": [66.5, 12.75], "uv_size": [0.75, -0.75]}
							}
						},
						{
							"origin": [0.32947, 26.7977, -2.29699],
							"size": [2.07973, 1.51132, 1.51132],
							"pivot": [1.18857, 24.92096, -1.9157],
							"rotation": [-45, 0, 0],
							"uv": {
								"north": {"uv": [61.5, 62], "uv_size": [-1, 0.75]},
								"east": {"uv": [67.25, 15], "uv_size": [-0.75, 0.75]},
								"south": {"uv": [63, 60.5], "uv_size": [-1, 0.75]},
								"west": {"uv": [67.25, 13.5], "uv_size": [-0.75, 0.75]},
								"up": {"uv": [62, 62.75], "uv_size": [1, -0.75]},
								"down": {"uv": [4.5, 63.25], "uv_size": [1, -0.75]}
							}
						}
					]
				},
				{
					"name": "LeftHand",
					"parent": "LeftForeArm",
					"pivot": [1.21283, 19.05358, 0.16057],
					"cubes": [
						{
							"origin": [0.3075, 17.80974, 0.76177],
							"size": [2.00998, 1.08647, 1.08647],
							"pivot": [1.2239, 20.02458, 1.6034],
							"rotation": [-45, 0, 0],
							"uv": {
								"north": {"uv": [71, 68], "uv_size": [-1, 0.5]},
								"east": {"uv": [79.5, 18.5], "uv_size": [-0.5, 0.5]},
								"south": {"uv": [71, 69], "uv_size": [-1, 0.5]},
								"west": {"uv": [19, 79], "uv_size": [-0.5, 0.5]},
								"up": {"uv": [70, 70.5], "uv_size": [1, -0.5]},
								"down": {"uv": [70.5, 6], "uv_size": [1, -0.5]}
							}
						},
						{
							"origin": [0.2826, 18.25623, -0.85826],
							"size": [2.05981, 0.79734, 2.13733],
							"uv": {
								"north": {"uv": [16, 70.5], "uv_size": [-1, 0.5]},
								"east": {"uv": [71.5, 18], "uv_size": [-1, 0.5]},
								"south": {"uv": [71.5, 17], "uv_size": [-1, 0.5]},
								"west": {"uv": [71.5, 16], "uv_size": [-1, 0.5]},
								"up": {"uv": [56, 7], "uv_size": [1, -1]},
								"down": {"uv": [56, 10], "uv_size": [1, -1]}
							}
						},
						{
							"origin": [0.24289, 18.08488, -0.8586],
							"size": [2.13921, 0.65834, 2.13798],
							"inflate": 0.001,
							"uv": {
								"north": {"uv": [80, 19.5], "uv_size": [-1, 0.25]},
								"east": {"uv": [80, 25.5], "uv_size": [-1, 0.25]},
								"south": {"uv": [80, 24.5], "uv_size": [-1, 0.25]},
								"west": {"uv": [80, 20.5], "uv_size": [-1, 0.25]},
								"up": {"uv": [56, 11.5], "uv_size": [1, -1]},
								"down": {"uv": [56, 13], "uv_size": [1, -1]}
							}
						}
					]
				},
				{
					"name": "Left_finger_11",
					"parent": "LeftHand",
					"pivot": [0.41133, 18.07983, -0.10102],
					"cubes": [
						{
							"origin": [0.18123, 18.21194, -1.13512],
							"size": [0.48481, 0.54815, 0.91362],
							"pivot": [1.39002, 18.63552, 0.2104],
							"rotation": [20, 0, 0],
							"uv": {
								"north": {"uv": [26.25, 86], "uv_size": [-0.25, 0.25]},
								"east": {"uv": [83.5, 18], "uv_size": [-0.5, 0.25]},
								"south": {"uv": [86.25, 26], "uv_size": [-0.25, 0.25]},
								"west": {"uv": [83.5, 17], "uv_size": [-0.5, 0.25]},
								"up": {"uv": [83, 19.5], "uv_size": [0.25, -0.5]},
								"down": {"uv": [83, 20.5], "uv_size": [0.25, -0.5]}
							}
						}
					]
				},
				{
					"name": "Left_finger_joint_11",
					"parent": "Left_finger_11",
					"pivot": [0.41134, 17.75815, -0.8134],
					"cubes": [
						{
							"origin": [0.18154, 16.82181, -1.46575],
							"size": [0.48422, 0.4423, 1.06062],
							"inflate": 0.001,
							"pivot": [0.45563, 17.38897, -1.40428],
							"rotation": [90, 0, 0],
							"uv": {
								"north": {"uv": [86.25, 27], "uv_size": [-0.25, 0.25]},
								"east": {"uv": [83.5, 22], "uv_size": [-0.5, 0.25]},
								"south": {"uv": [86.25, 28], "uv_size": [-0.25, 0.25]},
								"west": {"uv": [83.5, 21], "uv_size": [-0.5, 0.25]},
								"up": {"uv": [83, 23.5], "uv_size": [0.25, -0.5]},
								"down": {"uv": [24, 83.5], "uv_size": [0.25, -0.5]}
							}
						}
					]
				},
				{
					"name": "Left_palm",
					"parent": "LeftHand",
					"pivot": [1.62073, 18.09627, 0.2104],
					"cubes": [
						{
							"origin": [1.61704, 16.7889, -0.85889],
							"size": [0.76535, 1.29569, 2.13856],
							"uv": {
								"north": {"uv": [18.5, 75], "uv_size": [-0.5, 0.75]},
								"east": {"uv": [7, 62.5], "uv_size": [-1, 0.75]},
								"south": {"uv": [75.5, 18], "uv_size": [-0.5, 0.75]},
								"west": {"uv": [63.5, 4.5], "uv_size": [-1, 0.75]},
								"up": {"uv": [56, 71], "uv_size": [0.5, -1]},
								"down": {"uv": [3, 71.5], "uv_size": [0.5, -1]}
							}
						}
					]
				},
				{
					"name": "Left_finger_12",
					"parent": "Left_palm",
					"pivot": [1.6198, 17.38259, 1.02496],
					"cubes": [
						{
							"origin": [0.26012, 16.78918, 0.79515],
							"size": [1.35663, 0.56297, 0.48422],
							"inflate": 0.001,
							"uv": {
								"north": {"uv": [81.75, 32.5], "uv_size": [-0.75, 0.25]},
								"east": {"uv": [86.25, 30], "uv_size": [-0.25, 0.25]},
								"south": {"uv": [81.75, 57], "uv_size": [-0.75, 0.25]},
								"west": {"uv": [86.25, 29], "uv_size": [-0.25, 0.25]},
								"up": {"uv": [81, 68.75], "uv_size": [0.75, -0.25]},
								"down": {"uv": [71.5, 81.25], "uv_size": [0.75, -0.25]}
							}
						}
					]
				},
				{
					"name": "Left_finger_joint_12",
					"parent": "Left_finger_12",
					"pivot": [0.25432, 16.78887, 1.02496],
					"cubes": [
						{
							"origin": [0.0771, 17.10575, 0.79487],
							"size": [1.24031, 0.56356, 0.48481],
							"pivot": [0.60866, 17.32046, 1.02496],
							"rotation": [0, 0, -90],
							"uv": {
								"north": {"uv": [83.5, 24], "uv_size": [-0.5, 0.25]},
								"east": {"uv": [86.25, 31], "uv_size": [-0.25, 0.25]},
								"south": {"uv": [25.5, 83], "uv_size": [-0.5, 0.25]},
								"west": {"uv": [31.25, 86], "uv_size": [-0.25, 0.25]},
								"up": {"uv": [83, 25.25], "uv_size": [0.5, -0.25]},
								"down": {"uv": [26, 83.25], "uv_size": [0.5, -0.25]}
							}
						}
					]
				},
				{
					"name": "Left_finger_13",
					"parent": "Left_palm",
					"pivot": [1.6198, 17.38259, 0.49278],
					"cubes": [
						{
							"origin": [0.26012, 16.78918, 0.25067],
							"size": [1.35663, 0.56297, 0.48423],
							"inflate": 0.001,
							"uv": {
								"north": {"uv": [81.75, 72], "uv_size": [-0.75, 0.25]},
								"east": {"uv": [33.25, 86], "uv_size": [-0.25, 0.25]},
								"south": {"uv": [81.75, 73], "uv_size": [-0.75, 0.25]},
								"west": {"uv": [32.25, 86], "uv_size": [-0.25, 0.25]},
								"up": {"uv": [81, 74.25], "uv_size": [0.75, -0.25]},
								"down": {"uv": [81, 75.25], "uv_size": [0.75, -0.25]}
							}
						}
					]
				},
				{
					"name": "Left_finger_joint_13",
					"parent": "Left_finger_13",
					"pivot": [0.25432, 16.78887, 0.49278],
					"cubes": [
						{
							"origin": [0.86385, 17.85834, 0.25039],
							"size": [1.24031, 0.56356, 0.48481],
							"pivot": [1.37835, 17.30339, 0.2104],
							"rotation": [0, 0, -90],
							"uv": {
								"north": {"uv": [83.5, 26], "uv_size": [-0.5, 0.25]},
								"east": {"uv": [34.25, 86], "uv_size": [-0.25, 0.25]},
								"south": {"uv": [27.5, 83], "uv_size": [-0.5, 0.25]},
								"west": {"uv": [86.25, 33], "uv_size": [-0.25, 0.25]},
								"up": {"uv": [83, 27.25], "uv_size": [0.5, -0.25]},
								"down": {"uv": [83, 28.25], "uv_size": [0.5, -0.25]}
							}
						}
					]
				},
				{
					"name": "Left_finger_14",
					"parent": "Left_palm",
					"pivot": [1.61978, 17.38259, 0.2104],
					"cubes": [
						{
							"origin": [0.26012, 16.78918, -0.31411],
							"size": [1.35663, 0.56297, 0.48423],
							"inflate": 0.001,
							"uv": {
								"north": {"uv": [81.75, 76], "uv_size": [-0.75, 0.25]},
								"east": {"uv": [35.25, 86], "uv_size": [-0.25, 0.25]},
								"south": {"uv": [77.75, 81], "uv_size": [-0.75, 0.25]},
								"west": {"uv": [86.25, 34], "uv_size": [-0.25, 0.25]},
								"up": {"uv": [80, 81.25], "uv_size": [0.75, -0.25]},
								"down": {"uv": [1, 81.75], "uv_size": [0.75, -0.25]}
							}
						}
					]
				},
				{
					"name": "Left_finger_joint_14",
					"parent": "Left_finger_14",
					"pivot": [0.25432, 16.78887, -0.072],
					"cubes": [
						{
							"origin": [0.86385, 17.85834, -0.31439],
							"size": [1.24031, 0.56356, 0.48481],
							"pivot": [1.37835, 17.30339, 0.2104],
							"rotation": [0, 0, -90],
							"uv": {
								"north": {"uv": [83.5, 29], "uv_size": [-0.5, 0.25]},
								"east": {"uv": [86.25, 36], "uv_size": [-0.25, 0.25]},
								"south": {"uv": [83.5, 30], "uv_size": [-0.5, 0.25]},
								"west": {"uv": [86.25, 35], "uv_size": [-0.25, 0.25]},
								"up": {"uv": [83, 31.25], "uv_size": [0.5, -0.25]},
								"down": {"uv": [32.5, 83.25], "uv_size": [0.5, -0.25]}
							}
						}
					]
				},
				{
					"name": "Left_finger_15",
					"parent": "Left_palm",
					"pivot": [1.6198, 17.38259, -0.60418],
					"cubes": [
						{
							"origin": [0.26012, 16.78918, -0.8586],
							"size": [1.35663, 0.56297, 0.48422],
							"inflate": 0.001,
							"uv": {
								"north": {"uv": [3.25, 81.5], "uv_size": [-0.75, 0.25]},
								"east": {"uv": [86.25, 38], "uv_size": [-0.25, 0.25]},
								"south": {"uv": [4.75, 81.5], "uv_size": [-0.75, 0.25]},
								"west": {"uv": [86.25, 37], "uv_size": [-0.25, 0.25]},
								"up": {"uv": [5.5, 81.75], "uv_size": [0.75, -0.25]},
								"down": {"uv": [9, 81.75], "uv_size": [0.75, -0.25]}
							}
						}
					]
				},
				{
					"name": "Left_finger_joint_15",
					"parent": "Left_finger_15",
					"pivot": [0.25429, 16.7889, -0.60418],
					"cubes": [
						{
							"origin": [0.86385, 17.85834, -0.85889],
							"size": [1.24031, 0.56356, 0.48481],
							"pivot": [1.37835, 17.30339, 0.25961],
							"rotation": [0, 0, -90],
							"uv": {
								"north": {"uv": [83.5, 33], "uv_size": [-0.5, 0.25]},
								"east": {"uv": [39.75, 86], "uv_size": [-0.25, 0.25]},
								"south": {"uv": [34, 83], "uv_size": [-0.5, 0.25]},
								"west": {"uv": [86.25, 39], "uv_size": [-0.25, 0.25]},
								"up": {"uv": [83, 34.25], "uv_size": [0.5, -0.25]},
								"down": {"uv": [34.5, 83.25], "uv_size": [0.5, -0.25]}
							}
						}
					]
				},
				{
					"name": "SheathLocator",
					"parent": "LeftHand",
					"pivot": [1.03564, 17.45889, 0.16057]
				},
				{
					"name": "LeftWaistLocator",
					"parent": "LeftHand",
					"pivot": [1.03564, 17.45889, 0.16057]
				},
				{
					"name": "LeftHandLocator2",
					"parent": "LeftHand",
					"pivot": [1.03564, 17.45889, 0.16057]
				},
				{
					"name": "katana2",
					"parent": "LeftHand",
					"pivot": [1.25, 17.95012, 2.02447]
				},
				{
					"name": "RightArm",
					"pivot": [-1.15, 29.775, 0],
					"cubes": [
						{
							"origin": [-2.45582, 26.51787, -0.96739],
							"size": [2.28085, 5.26336, 2.35408],
							"inflate": 0.002,
							"uv": {
								"north": {"uv": [24, 29], "uv_size": [1.25, 3.25]},
								"east": {"uv": [26, 29], "uv_size": [1.25, 3.25]},
								"south": {"uv": [29, 27], "uv_size": [1.25, 3.25]},
								"west": {"uv": [2.5, 29.5], "uv_size": [1.25, 3.25]},
								"up": {"uv": [50.25, 47.75], "uv_size": [-1.25, -1.25]},
								"down": {"uv": [45.25, 50.75], "uv_size": [-1.25, -1.25]}
							}
						},
						{
							"origin": [-1.82758, 31.78599, -0.96617],
							"size": [1.65136, 1.28033, 2.35161],
							"inflate": 0.003,
							"uv": {
								"north": {"uv": [65.5, 46.5], "uv_size": [0.75, 0.75]},
								"east": {"uv": [4.5, 57], "uv_size": [1.25, 0.75]},
								"south": {"uv": [66, 37], "uv_size": [0.75, 0.75]},
								"west": {"uv": [6.5, 57], "uv_size": [1.25, 0.75]},
								"up": {"uv": [11.25, 58.25], "uv_size": [-0.75, -1.25]},
								"down": {"uv": [12.75, 58.25], "uv_size": [-0.75, -1.25]}
							}
						},
						{
							"origin": [-1.91511, 31.1342, -0.96739],
							"size": [0.57024, 1.42949, 2.35558],
							"inflate": 0.001,
							"pivot": [-0.78006, 32.62951, 0.19046],
							"rotation": [0, 0, 26],
							"uv": {
								"north": {"uv": [67.5, 81], "uv_size": [0.25, 0.75]},
								"east": {"uv": [57, 7.5], "uv_size": [1.25, 0.75]},
								"south": {"uv": [70.5, 81], "uv_size": [0.25, 0.75]},
								"west": {"uv": [13.5, 57], "uv_size": [1.25, 0.75]},
								"up": {"uv": [75.75, 75.25], "uv_size": [-0.25, -1.25]},
								"down": {"uv": [0.25, 77.25], "uv_size": [-0.25, -1.25]}
							}
						},
						{
							"origin": [-2.39457, 26.80246, -2.28407],
							"size": [2.0661, 1.51332, 1.51332],
							"inflate": -0.001,
							"pivot": [-1.18857, 24.94065, -1.9157],
							"rotation": [-45, 0, 0],
							"uv": {
								"north": {"uv": [54.5, 62], "uv_size": [1, 0.75]},
								"east": {"uv": [66, 40], "uv_size": [0.75, 0.75]},
								"south": {"uv": [56, 62], "uv_size": [1, 0.75]},
								"west": {"uv": [66, 43.5], "uv_size": [0.75, 0.75]},
								"up": {"uv": [63, 58.25], "uv_size": [-1, -0.75]},
								"down": {"uv": [63, 59.75], "uv_size": [-1, -0.75]}
							}
						}
					]
				},
				{
					"name": "RightForeArm",
					"parent": "RightArm",
					"pivot": [-1.41064, 26.76843, 0.16057],
					"cubes": [
						{
							"origin": [-2.45582, 19.05382, -0.96739],
							"size": [2.28085, 7.46205, 2.35408],
							"inflate": 0.001,
							"uv": {
								"north": {"uv": [25, 10.5], "uv_size": [1.25, 3.75]},
								"east": {"uv": [22, 25], "uv_size": [1.25, 3.75]},
								"south": {"uv": [25.5, 5.5], "uv_size": [1.25, 3.75]},
								"west": {"uv": [26, 15], "uv_size": [1.25, 3.75]},
								"up": {"uv": [50.75, 49.75], "uv_size": [-1.25, -1.25]},
								"down": {"uv": [51.25, 2.75], "uv_size": [-1.25, -1.25]}
							}
						},
						{
							"origin": [-2.18458, 17.72115, 0.58458],
							"size": [1.74419, 1.44084, 1.44084],
							"pivot": [-1.2239, 20.11318, 1.6034],
							"rotation": [-45, 0, 0],
							"uv": {
								"north": {"uv": [0, 66.5], "uv_size": [0.75, 0.75]},
								"east": {"uv": [66.5, 0], "uv_size": [0.75, 0.75]},
								"south": {"uv": [66.5, 1.5], "uv_size": [0.75, 0.75]},
								"west": {"uv": [66.5, 9], "uv_size": [0.75, 0.75]},
								"up": {"uv": [67.25, 11.25], "uv_size": [-0.75, -0.75]},
								"down": {"uv": [67.25, 12.75], "uv_size": [-0.75, -0.75]}
							}
						},
						{
							"origin": [-2.4092, 26.7977, -2.29699],
							"size": [2.07973, 1.51132, 1.51132],
							"pivot": [-1.18857, 24.92096, -1.9157],
							"rotation": [-45, 0, 0],
							"uv": {
								"north": {"uv": [60.5, 62], "uv_size": [1, 0.75]},
								"east": {"uv": [66.5, 13.5], "uv_size": [0.75, 0.75]},
								"south": {"uv": [62, 60.5], "uv_size": [1, 0.75]},
								"west": {"uv": [66.5, 15], "uv_size": [0.75, 0.75]},
								"up": {"uv": [63, 62.75], "uv_size": [-1, -0.75]},
								"down": {"uv": [5.5, 63.25], "uv_size": [-1, -0.75]}
							}
						}
					]
				},
				{
					"name": "RightHand",
					"parent": "RightForeArm",
					"pivot": [-1.21283, 19.05358, 0.16057],
					"cubes": [
						{
							"origin": [-2.31748, 17.80974, 0.76177],
							"size": [2.00998, 1.08647, 1.08647],
							"pivot": [-1.2239, 20.02458, 1.6034],
							"rotation": [-45, 0, 0],
							"uv": {
								"north": {"uv": [70, 68], "uv_size": [1, 0.5]},
								"east": {"uv": [18.5, 79], "uv_size": [0.5, 0.5]},
								"south": {"uv": [70, 69], "uv_size": [1, 0.5]},
								"west": {"uv": [79, 18.5], "uv_size": [0.5, 0.5]},
								"up": {"uv": [71, 70.5], "uv_size": [-1, -0.5]},
								"down": {"uv": [71.5, 6], "uv_size": [-1, -0.5]}
							}
						},
						{
							"origin": [-2.34241, 18.25623, -0.85826],
							"size": [2.05981, 0.79734, 2.13733],
							"uv": {
								"north": {"uv": [15, 70.5], "uv_size": [1, 0.5]},
								"east": {"uv": [70.5, 16], "uv_size": [1, 0.5]},
								"south": {"uv": [70.5, 17], "uv_size": [1, 0.5]},
								"west": {"uv": [70.5, 18], "uv_size": [1, 0.5]},
								"up": {"uv": [57, 7], "uv_size": [-1, -1]},
								"down": {"uv": [57, 10], "uv_size": [-1, -1]}
							}
						},
						{
							"origin": [-2.3821, 18.08488, -0.8586],
							"size": [2.13921, 0.65834, 2.13798],
							"inflate": 0.001,
							"uv": {
								"north": {"uv": [79, 19.5], "uv_size": [1, 0.25]},
								"east": {"uv": [79, 20.5], "uv_size": [1, 0.25]},
								"south": {"uv": [79, 24.5], "uv_size": [1, 0.25]},
								"west": {"uv": [79, 25.5], "uv_size": [1, 0.25]},
								"up": {"uv": [57, 11.5], "uv_size": [-1, -1]},
								"down": {"uv": [57, 13], "uv_size": [-1, -1]}
							}
						}
					]
				},
				{
					"name": "Right_finger_11",
					"parent": "RightHand",
					"pivot": [-0.41133, 18.07983, -0.10102],
					"cubes": [
						{
							"origin": [-0.66604, 18.21194, -1.13512],
							"size": [0.48481, 0.54815, 0.91362],
							"pivot": [-1.39002, 18.63552, 0.2104],
							"rotation": [20, 0, 0],
							"uv": {
								"north": {"uv": [26, 86], "uv_size": [0.25, 0.25]},
								"east": {"uv": [83, 17], "uv_size": [0.5, 0.25]},
								"south": {"uv": [86, 26], "uv_size": [0.25, 0.25]},
								"west": {"uv": [83, 18], "uv_size": [0.5, 0.25]},
								"up": {"uv": [83.25, 19.5], "uv_size": [-0.25, -0.5]},
								"down": {"uv": [83.25, 20.5], "uv_size": [-0.25, -0.5]}
							}
						}
					]
				},
				{
					"name": "Right_finger_joint_11",
					"parent": "Right_finger_11",
					"pivot": [-0.41134, 17.75815, -0.8134],
					"cubes": [
						{
							"origin": [-0.66576, 16.82181, -1.46575],
							"size": [0.48422, 0.4423, 1.06062],
							"inflate": 0.001,
							"pivot": [-0.45563, 17.38897, -1.40428],
							"rotation": [90, 0, 0],
							"uv": {
								"north": {"uv": [86, 27], "uv_size": [0.25, 0.25]},
								"east": {"uv": [83, 21], "uv_size": [0.5, 0.25]},
								"south": {"uv": [86, 28], "uv_size": [0.25, 0.25]},
								"west": {"uv": [83, 22], "uv_size": [0.5, 0.25]},
								"up": {"uv": [83.25, 23.5], "uv_size": [-0.25, -0.5]},
								"down": {"uv": [24.25, 83.5], "uv_size": [-0.25, -0.5]}
							}
						}
					]
				},
				{
					"name": "Right_palm",
					"parent": "RightHand",
					"pivot": [-1.62073, 18.09627, 0.2104],
					"cubes": [
						{
							"origin": [-2.38239, 16.7889, -0.85889],
							"size": [0.76535, 1.29569, 2.13856],
							"uv": {
								"north": {"uv": [18, 75], "uv_size": [0.5, 0.75]},
								"east": {"uv": [62.5, 4.5], "uv_size": [1, 0.75]},
								"south": {"uv": [75, 18], "uv_size": [0.5, 0.75]},
								"west": {"uv": [6, 62.5], "uv_size": [1, 0.75]},
								"up": {"uv": [56.5, 71], "uv_size": [-0.5, -1]},
								"down": {"uv": [3.5, 71.5], "uv_size": [-0.5, -1]}
							}
						}
					]
				},
				{
					"name": "Right_finger_12",
					"parent": "Right_palm",
					"pivot": [-1.6198, 17.38259, 1.02496],
					"cubes": [
						{
							"origin": [-1.61675, 16.78918, 0.79515],
							"size": [1.35663, 0.56297, 0.48422],
							"inflate": 0.001,
							"uv": {
								"north": {"uv": [81, 32.5], "uv_size": [0.75, 0.25]},
								"east": {"uv": [86, 29], "uv_size": [0.25, 0.25]},
								"south": {"uv": [81, 57], "uv_size": [0.75, 0.25]},
								"west": {"uv": [86, 30], "uv_size": [0.25, 0.25]},
								"up": {"uv": [81.75, 68.75], "uv_size": [-0.75, -0.25]},
								"down": {"uv": [72.25, 81.25], "uv_size": [-0.75, -0.25]}
							}
						}
					]
				},
				{
					"name": "Right_finger_joint_12",
					"parent": "Right_finger_12",
					"pivot": [-0.25432, 16.78887, 1.02496],
					"cubes": [
						{
							"origin": [-1.31741, 17.10575, 0.79487],
							"size": [1.24031, 0.56356, 0.48481],
							"pivot": [-0.60866, 17.32046, 1.02496],
							"rotation": [0, 0, 90],
							"uv": {
								"north": {"uv": [83, 24], "uv_size": [0.5, 0.25]},
								"east": {"uv": [31, 86], "uv_size": [0.25, 0.25]},
								"south": {"uv": [25, 83], "uv_size": [0.5, 0.25]},
								"west": {"uv": [86, 31], "uv_size": [0.25, 0.25]},
								"up": {"uv": [83.5, 25.25], "uv_size": [-0.5, -0.25]},
								"down": {"uv": [26.5, 83.25], "uv_size": [-0.5, -0.25]}
							}
						}
					]
				},
				{
					"name": "Right_finger_13",
					"parent": "Right_palm",
					"pivot": [-1.6198, 17.38259, 0.49278],
					"cubes": [
						{
							"origin": [-1.61675, 16.78918, 0.25067],
							"size": [1.35663, 0.56297, 0.48423],
							"inflate": 0.001,
							"uv": {
								"north": {"uv": [81, 72], "uv_size": [0.75, 0.25]},
								"east": {"uv": [32, 86], "uv_size": [0.25, 0.25]},
								"south": {"uv": [81, 73], "uv_size": [0.75, 0.25]},
								"west": {"uv": [33, 86], "uv_size": [0.25, 0.25]},
								"up": {"uv": [81.75, 74.25], "uv_size": [-0.75, -0.25]},
								"down": {"uv": [81.75, 75.25], "uv_size": [-0.75, -0.25]}
							}
						}
					]
				},
				{
					"name": "Right_finger_joint_13",
					"parent": "Right_finger_13",
					"pivot": [-0.25432, 16.78887, 0.49278],
					"cubes": [
						{
							"origin": [-2.10416, 17.85834, 0.25039],
							"size": [1.24031, 0.56356, 0.48481],
							"pivot": [-1.37835, 17.30339, 0.2104],
							"rotation": [0, 0, 90],
							"uv": {
								"north": {"uv": [83, 26], "uv_size": [0.5, 0.25]},
								"east": {"uv": [86, 33], "uv_size": [0.25, 0.25]},
								"south": {"uv": [27, 83], "uv_size": [0.5, 0.25]},
								"west": {"uv": [34, 86], "uv_size": [0.25, 0.25]},
								"up": {"uv": [83.5, 27.25], "uv_size": [-0.5, -0.25]},
								"down": {"uv": [83.5, 28.25], "uv_size": [-0.5, -0.25]}
							}
						}
					]
				},
				{
					"name": "Right_finger_14",
					"parent": "Right_palm",
					"pivot": [-1.61978, 17.38259, 0.2104],
					"cubes": [
						{
							"origin": [-1.61675, 16.78918, -0.31411],
							"size": [1.35663, 0.56297, 0.48423],
							"inflate": 0.001,
							"uv": {
								"north": {"uv": [81, 76], "uv_size": [0.75, 0.25]},
								"east": {"uv": [86, 34], "uv_size": [0.25, 0.25]},
								"south": {"uv": [77, 81], "uv_size": [0.75, 0.25]},
								"west": {"uv": [35, 86], "uv_size": [0.25, 0.25]},
								"up": {"uv": [80.75, 81.25], "uv_size": [-0.75, -0.25]},
								"down": {"uv": [1.75, 81.75], "uv_size": [-0.75, -0.25]}
							}
						}
					]
				},
				{
					"name": "Right_finger_joint_14",
					"parent": "Right_finger_14",
					"pivot": [-0.25432, 16.78887, -0.072],
					"cubes": [
						{
							"origin": [-2.10416, 17.85834, -0.31439],
							"size": [1.24031, 0.56356, 0.48481],
							"pivot": [-1.37835, 17.30339, 0.2104],
							"rotation": [0, 0, 90],
							"uv": {
								"north": {"uv": [83, 29], "uv_size": [0.5, 0.25]},
								"east": {"uv": [86, 35], "uv_size": [0.25, 0.25]},
								"south": {"uv": [83, 30], "uv_size": [0.5, 0.25]},
								"west": {"uv": [86, 36], "uv_size": [0.25, 0.25]},
								"up": {"uv": [83.5, 31.25], "uv_size": [-0.5, -0.25]},
								"down": {"uv": [33, 83.25], "uv_size": [-0.5, -0.25]}
							}
						}
					]
				},
				{
					"name": "Right_finger_15",
					"parent": "Right_palm",
					"pivot": [-1.6198, 17.38259, -0.60418],
					"cubes": [
						{
							"origin": [-1.61675, 16.78918, -0.8586],
							"size": [1.35663, 0.56297, 0.48422],
							"inflate": 0.001,
							"uv": {
								"north": {"uv": [2.5, 81.5], "uv_size": [0.75, 0.25]},
								"east": {"uv": [86, 37], "uv_size": [0.25, 0.25]},
								"south": {"uv": [4, 81.5], "uv_size": [0.75, 0.25]},
								"west": {"uv": [86, 38], "uv_size": [0.25, 0.25]},
								"up": {"uv": [6.25, 81.75], "uv_size": [-0.75, -0.25]},
								"down": {"uv": [9.75, 81.75], "uv_size": [-0.75, -0.25]}
							}
						}
					]
				},
				{
					"name": "Right_finger_joint_15",
					"parent": "Right_finger_15",
					"pivot": [-0.25429, 16.7889, -0.60418],
					"cubes": [
						{
							"origin": [-2.10416, 17.85834, -0.85889],
							"size": [1.24031, 0.56356, 0.48481],
							"pivot": [-1.37835, 17.30339, 0.25961],
							"rotation": [0, 0, 90],
							"uv": {
								"north": {"uv": [83, 33], "uv_size": [0.5, 0.25]},
								"east": {"uv": [86, 39], "uv_size": [0.25, 0.25]},
								"south": {"uv": [33.5, 83], "uv_size": [0.5, 0.25]},
								"west": {"uv": [39.5, 86], "uv_size": [0.25, 0.25]},
								"up": {"uv": [83.5, 34.25], "uv_size": [-0.5, -0.25]},
								"down": {"uv": [35, 83.25], "uv_size": [-0.5, -0.25]}
							}
						}
					]
				},
				{
					"name": "SheathLocator2",
					"parent": "RightHand",
					"pivot": [-1.03564, 17.45889, 0.16057]
				},
				{
					"name": "RightWaistLocator",
					"parent": "RightHand",
					"pivot": [-1.03564, 17.45889, 0.16057]
				},
				{
					"name": "RightHandLocator2",
					"parent": "RightHand",
					"pivot": [-1.03564, 17.45889, 0.16057]
				},
				{
					"name": "katana3",
					"parent": "RightHand",
					"pivot": [-1.25, 17.95012, 2.02447]
				}
			]
		}
	]
}